Country,State,City,Zip_Code,Lat_Long,Latitude,Longitude,Gender,Senior_Citizen,Partner,Dependents,Tenure_Months,Phone_Service,Multiple_Lines,Internet_Service,Online_Security,Online_Backup,Device_Protection,Tech_Support,Streaming_TV,Streaming_Movies,Contract,Paperless_Billing,Payment_Method,Monthly_Charges,Total_Charges,CLTV,Actual_Churn,Predicted_Churn,Churn_Probability,Risk_Level
United States,California,Barstow,92311,"34.965648, -117.001509",34.965648,-117.001509,Male,No,Yes,No,72,Yes,Yes,Fiber optic,Yes,Yes,Yes,Yes,Yes,Yes,Two year,Yes,Credit card (automatic),114.05,8468.2,4842,0,0,11.5,Low Risk
United States,California,Somis,93066,"34.297628, -119.014627",34.297628,-119.014627,Female,Yes,No,No,8,Yes,Yes,Fiber optic,No,No,No,Yes,Yes,Yes,Month-to-month,Yes,Credit card (automatic),100.15,908.55,5157,0,1,89.65,High Risk
United States,California,Anaheim,92808,"33.850452, -117.726668",33.850452,-117.726668,Female,No,Yes,No,41,Yes,Yes,DSL,Yes,Yes,Yes,No,Yes,No,One year,Yes,Credit card (automatic),78.35,3211.2,2894,0,0,11.63,Low Risk
United States,California,Copperopolis,95228,"37.943954, -120.67108",37.943954,-120.67108,Male,No,Yes,No,18,Yes,No,Fiber optic,No,No,Yes,Yes,No,No,Month-to-month,No,Electronic check,78.2,1468.75,2831,0,1,54.06,Medium Risk
United States,California,Hesperia,92345,"34.361387, -117.337509",34.361387,-117.337509,Female,No,Yes,No,72,Yes,Yes,DSL,Yes,Yes,Yes,No,Yes,Yes,Two year,Yes,Credit card (automatic),82.65,5919.35,4324,0,0,2.3,Low Risk
United States,California,Cutler,93615,"36.497895, -119.285484",36.497895,-119.285484,Female,No,No,No,21,Yes,Yes,Fiber optic,No,Yes,No,No,Yes,Yes,Month-to-month,Yes,Credit card (automatic),99.85,1992.55,2113,0,1,75.43,High Risk
United States,California,Monterey Park,91754,"34.050322, -118.147037",34.050322,-118.147037,Female,No,No,No,21,Yes,No,Fiber optic,No,Yes,No,Yes,Yes,Yes,Month-to-month,Yes,Bank transfer (automatic),99.15,1956.4,5324,0,1,78.33,High Risk
United States,California,Korbel,95550,"40.7666, -123.80458",40.7666,-123.80458,Male,No,No,Yes,19,Yes,Yes,No,No internet service,No internet service,No internet service,No internet service,No internet service,No internet service,Month-to-month,Yes,Credit card (automatic),24.1,439.2,2378,0,0,13.45,Low Risk
United States,California,Lafayette,94549,"37.907777, -122.127161",37.907777,-122.127161,Female,No,Yes,Yes,61,Yes,No,No,No internet service,No internet service,No internet service,No internet service,No internet service,No internet service,Two year,No,Credit card (automatic),19.75,1311.6,6108,0,0,0.39,Low Risk
United States,California,Topaz,96133,"38.636052, -119.489162",38.636052,-119.489162,Male,Yes,No,No,17,Yes,No,DSL,No,No,No,No,No,No,Month-to-month,Yes,Electronic check,45.05,770.6,3797,1,1,59.01,Medium Risk
United States,California,Winterhaven,92283,"32.852947, -114.850784",32.852947,-114.850784,Male,No,Yes,Yes,70,Yes,Yes,Fiber optic,Yes,Yes,No,No,Yes,Yes,Month-to-month,Yes,Electronic check,106.05,7554.05,4583,0,0,9.14,Low Risk
United States,California,Manchester,95459,"38.966713, -123.586412",38.966713,-123.586412,Female,Yes,Yes,No,72,Yes,Yes,Fiber optic,Yes,Yes,Yes,Yes,Yes,Yes,Two year,Yes,Bank transfer (automatic),114.85,8317.95,4796,0,0,5.18,Low Risk
United States,California,Lemoore,93245,"36.303666, -119.825657",36.303666,-119.825657,Male,No,No,No,49,No,No phone service,DSL,No,No,Yes,No,No,No,Month-to-month,Yes,Bank transfer (automatic),30.2,1453.1,5214,0,1,79.12,High Risk
United States,California,Stevenson Ranch,91381,"34.364153, -118.615583",34.364153,-118.615583,Female,Yes,No,No,11,Yes,Yes,Fiber optic,No,No,No,No,No,Yes,Month-to-month,Yes,Credit card (automatic),84.8,906.85,5118,1,1,92.33,High Risk
United States,California,Escondido,92029,"33.079834, -117.134275",33.079834,-117.134275,Female,No,No,Yes,19,Yes,No,DSL,No,No,No,Yes,No,No,Month-to-month,No,Mailed check,48.8,953.65,3749,0,0,9.99,Low Risk
United States,California,San Bernardino,92404,"34.183286, -117.221722",34.183286,-117.221722,Male,No,Yes,Yes,72,Yes,Yes,Fiber optic,No,No,No,No,No,Yes,Two year,Yes,Credit card (automatic),84.5,6130.85,6202,0,0,16.87,Low Risk
United States,California,Mokelumne Hill,95245,"38.304194, -120.592431",38.304194,-120.592431,Female,No,Yes,Yes,8,Yes,No,No,No internet service,No internet service,No internet service,No internet service,No internet service,No internet service,Two year,No,Bank transfer (automatic),19.5,159.35,5206,0,0,1.59,Low Risk
United States,California,San Bernardino,92401,"34.105935, -117.2914",34.105935,-117.2914,Male,No,No,Yes,15,Yes,Yes,Fiber optic,No,Yes,No,No,Yes,No,Month-to-month,Yes,Electronic check,91.0,1430.05,4602,0,1,82.84,High Risk
United States,California,Bieber,96009,"41.083464, -121.107929",41.083464,-121.107929,Female,No,Yes,No,67,Yes,Yes,Fiber optic,No,Yes,Yes,No,Yes,Yes,One year,Yes,Bank transfer (automatic),105.7,6816.95,5027,0,0,27.33,Low Risk
United States,California,El Centro,92243,"32.770393, -115.60915",32.770393,-115.60915,Female,No,Yes,No,26,No,No phone service,DSL,Yes,No,Yes,No,No,No,One year,No,Credit card (automatic),35.4,978.6,2519,0,0,10.64,Low Risk
United States,California,Hornbrook,96044,"41.962127, -122.527696",41.962127,-122.527696,Male,Yes,No,No,2,Yes,Yes,Fiber optic,No,No,No,No,No,No,Month-to-month,Yes,Mailed check,74.85,156.4,5378,1,1,75.08,High Risk
United States,California,Santa Rosa,95405,"38.439696, -122.668817",38.439696,-122.668817,Female,No,Yes,No,21,No,No phone service,DSL,Yes,No,No,No,No,No,Month-to-month,No,Electronic check,28.5,629.35,3766,0,1,78.08,High Risk
United States,California,Chilcoot,96105,"39.872961, -120.198876",39.872961,-120.198876,Female,No,Yes,No,49,Yes,No,No,No internet service,No internet service,No internet service,No internet service,No internet service,No internet service,One year,Yes,Bank transfer (automatic),20.05,923.1,5579,0,0,4.32,Low Risk
United States,California,Pico Rivera,90660,"33.989524, -118.089299",33.989524,-118.089299,Male,No,Yes,Yes,21,Yes,No,No,No internet service,No internet service,No internet service,No internet service,No internet service,No internet service,One year,No,Mailed check,19.8,350.1,3243,0,0,6.21,Low Risk
United States,California,Apple Valley,92307,"34.55082, -117.122396",34.55082,-117.122396,Female,No,Yes,No,51,Yes,No,Fiber optic,No,No,No,No,No,No,Month-to-month,No,Mailed check,69.15,3649.6,5187,0,1,61.68,Medium Risk
United States,California,Springville,93265,"36.245926, -118.693138",36.245926,-118.693138,Male,Yes,Yes,No,16,Yes,No,DSL,Yes,Yes,No,No,No,No,Month-to-month,Yes,Bank transfer (automatic),54.55,825.1,3324,0,0,38.95,Low Risk
United States,California,Lancaster,93535,"34.712708, -117.889656",34.712708,-117.889656,Female,No,No,No,22,Yes,No,Fiber optic,No,No,No,No,Yes,Yes,Month-to-month,No,Electronic check,89.25,1907.85,3161,1,1,85.1,High Risk
United States,California,Sheep Ranch,95250,"38.244806, -120.417301",38.244806,-120.417301,Male,No,Yes,No,13,Yes,Yes,Fiber optic,No,No,Yes,No,Yes,Yes,Month-to-month,Yes,Credit card (automatic),102.25,1359.0,2003,1,1,88.98,High Risk
United States,California,San Martin,95046,"37.084697, -121.606417",37.084697,-121.606417,Female,No,No,Yes,43,Yes,Yes,No,No internet service,No internet service,No internet service,No internet service,No internet service,No internet service,Two year,Yes,Electronic check,25.1,1070.15,4797,0,0,1.37,Low Risk
United States,California,Garden Grove,92841,"33.786738, -117.982564",33.786738,-117.982564,Female,No,No,No,3,Yes,No,Fiber optic,No,No,No,No,Yes,Yes,Month-to-month,Yes,Electronic check,89.45,240.45,3591,1,1,78.03,High Risk
United States,California,Glendale,91208,"34.195386, -118.238508",34.195386,-118.238508,Male,Yes,No,No,54,Yes,Yes,Fiber optic,No,Yes,No,No,No,Yes,Month-to-month,Yes,Electronic check,90.05,4931.8,5232,0,1,79.54,High Risk
United States,California,San Diego,92122,"32.85723, -117.209774",32.85723,-117.209774,Male,No,No,Yes,1,No,No phone service,DSL,No,No,No,No,No,No,Month-to-month,No,Mailed check,24.2,24.2,4276,0,0,38.24,Low Risk
United States,California,Belvedere Tiburon,94920,"37.885629, -122.46858",37.885629,-122.46858,Male,No,Yes,Yes,69,Yes,No,No,No internet service,No internet service,No internet service,No internet service,No internet service,No internet service,One year,Yes,Credit card (automatic),20.55,1403.1,5366,0,0,0.13,Low Risk
United States,California,Covina,91724,"34.08111, -117.853935",34.08111,-117.853935,Male,No,No,No,62,Yes,Yes,No,No internet service,No internet service,No internet service,No internet service,No internet service,No internet service,Two year,No,Bank transfer (automatic),23.4,1429.65,5822,0,0,0.97,Low Risk
United States,California,Valley Center,92082,"33.25283, -116.986079",33.25283,-116.986079,Female,No,No,No,2,Yes,No,Fiber optic,No,No,No,No,Yes,Yes,Month-to-month,Yes,Electronic check,90.4,168.2,4157,1,1,93.07,High Risk
United States,California,El Cajon,92020,"32.79697, -116.969082",32.79697,-116.969082,Female,Yes,Yes,Yes,62,Yes,Yes,Fiber optic,No,Yes,Yes,No,No,Yes,Month-to-month,Yes,Credit card (automatic),96.1,6019.35,5868,0,0,40.14,Medium Risk
United States,California,Byron,94514,"37.83323, -121.601461",37.83323,-121.601461,Male,Yes,No,No,2,Yes,No,DSL,No,No,No,No,No,No,Month-to-month,No,Mailed check,44.95,85.15,5900,1,1,74.55,High Risk
United States,California,Imperial,92251,"32.858595, -115.662709",32.858595,-115.662709,Male,No,Yes,Yes,69,Yes,No,No,No internet service,No internet service,No internet service,No internet service,No internet service,No internet service,Two year,No,Bank transfer (automatic),19.9,1356.7,6058,0,0,0.17,Low Risk
United States,California,Los Angeles,90027,"34.127194, -118.295647",34.127194,-118.295647,Female,No,No,No,1,Yes,Yes,Fiber optic,No,No,No,No,No,No,Month-to-month,Yes,Electronic check,74.5,74.5,2016,1,1,89.5,High Risk
United States,California,Fresno,93702,"36.739385, -119.753649",36.739385,-119.753649,Male,No,No,No,31,Yes,No,DSL,No,No,Yes,Yes,No,No,Month-to-month,Yes,Electronic check,55.25,1715.65,2933,1,0,49.59,Medium Risk
United States,California,Burney,96013,"40.946785, -121.719489",40.946785,-121.719489,Male,Yes,No,No,69,Yes,No,No,No internet service,No internet service,No internet service,No internet service,No internet service,No internet service,Two year,No,Credit card (automatic),20.3,1356.3,4042,0,0,1.06,Low Risk
United States,California,Pacific Grove,93950,"36.618337, -121.926417",36.618337,-121.926417,Male,No,Yes,No,2,Yes,Yes,Fiber optic,No,No,Yes,No,Yes,No,Month-to-month,Yes,Electronic check,91.45,171.45,4889,0,1,88.94,High Risk
United States,California,Colton,92324,"34.030915, -117.273201",34.030915,-117.273201,Female,No,No,No,33,Yes,No,Fiber optic,No,No,No,No,No,No,Month-to-month,Yes,Bank transfer (automatic),70.4,2406.1,4860,0,1,66.66,Medium Risk
United States,California,Palermo,95968,"39.435756, -121.552071",39.435756,-121.552071,Female,No,Yes,No,3,Yes,No,No,No internet service,No internet service,No internet service,No internet service,No internet service,No internet service,Month-to-month,Yes,Mailed check,19.6,55.25,2941,0,0,47.58,Medium Risk
United States,California,Niland,92257,"33.345825, -115.596574",33.345825,-115.596574,Male,No,No,No,44,Yes,No,DSL,Yes,No,No,Yes,Yes,No,One year,No,Electronic check,65.4,2774.55,5827,0,0,23.62,Low Risk
United States,California,Loma Mar,94021,"37.266388, -122.26308",37.266388,-122.26308,Male,No,No,No,10,Yes,No,Fiber optic,Yes,Yes,Yes,Yes,Yes,Yes,Month-to-month,Yes,Electronic check,110.1,1043.3,5803,1,1,75.3,High Risk
United States,California,Granada Hills,91344,"34.291273, -118.505104",34.291273,-118.505104,Female,No,No,No,8,Yes,Yes,Fiber optic,No,No,No,No,No,No,Month-to-month,Yes,Electronic check,75.25,576.7,2332,0,1,87.14,High Risk
United States,California,French Camp,95231,"37.873283, -121.292034",37.873283,-121.292034,Male,No,No,No,8,Yes,No,DSL,No,Yes,No,Yes,Yes,No,Month-to-month,Yes,Electronic check,66.65,520.95,3804,0,1,63.29,Medium Risk
United States,California,Portola,96122,"39.786755, -120.445626",39.786755,-120.445626,Female,No,Yes,Yes,69,Yes,No,No,No internet service,No internet service,No internet service,No internet service,No internet service,No internet service,One year,Yes,Credit card (automatic),20.35,1442.65,5188,0,0,0.2,Low Risk
United States,California,Sun City,92586,"33.707483, -117.200006",33.707483,-117.200006,Female,No,No,No,23,Yes,Yes,Fiber optic,No,No,No,No,No,No,Month-to-month,No,Bank transfer (automatic),75.6,1758.6,2115,1,1,58.61,Medium Risk
United States,California,Richmond,94804,"37.921034, -122.341798",37.921034,-122.341798,Male,No,No,No,66,Yes,Yes,No,No internet service,No internet service,No internet service,No internet service,No internet service,No internet service,Two year,No,Mailed check,25.1,1697.7,6025,0,0,2.65,Low Risk
United States,California,Garden Grove,92845,"33.782955, -118.026456",33.782955,-118.026456,Female,No,Yes,No,1,Yes,Yes,Fiber optic,Yes,No,Yes,No,Yes,Yes,Month-to-month,Yes,Electronic check,102.45,102.45,4811,1,1,81.99,High Risk
United States,California,Crows Landing,95313,"37.435664, -121.049056",37.435664,-121.049056,Female,No,No,No,3,Yes,No,No,No internet service,No internet service,No internet service,No internet service,No internet service,No internet service,Month-to-month,No,Mailed check,19.95,58.0,5949,0,0,47.05,Medium Risk
United States,California,Morro Bay,93442,"35.369553, -120.763864",35.369553,-120.763864,Female,No,No,Yes,5,Yes,No,DSL,No,No,No,Yes,No,No,Month-to-month,Yes,Mailed check,51.0,286.8,2789,0,0,14.53,Low Risk
United States,California,Corona,92879,"33.893823, -117.531446",33.893823,-117.531446,Female,No,No,Yes,1,Yes,No,DSL,Yes,No,No,No,No,No,Month-to-month,No,Mailed check,51.2,51.2,3699,0,0,6.06,Low Risk
United States,California,Amador City,95601,"38.431407, -120.8421",38.431407,-120.8421,Female,No,No,No,9,Yes,No,Fiber optic,No,No,No,No,Yes,No,Month-to-month,Yes,Bank transfer (automatic),77.65,714.15,3847,1,1,85.43,High Risk
United States,California,Yountville,94599,"38.421458, -122.365048",38.421458,-122.365048,Male,No,Yes,Yes,36,Yes,No,DSL,Yes,No,Yes,No,No,Yes,One year,Yes,Credit card (automatic),63.7,2188.5,2504,0,0,1.74,Low Risk
United States,California,Huron,93234,"36.217864, -120.080117",36.217864,-120.080117,Male,No,Yes,Yes,68,Yes,Yes,Fiber optic,Yes,Yes,No,No,No,No,One year,Yes,Bank transfer (automatic),85.5,5696.6,4380,0,0,3.51,Low Risk
United States,California,Camp Nelson,93208,"36.057458, -118.591951",36.057458,-118.591951,Female,No,Yes,Yes,35,No,No phone service,DSL,No,No,No,Yes,Yes,No,One year,No,Mailed check,40.9,1383.6,5691,0,0,13.0,Low Risk
United States,California,O Neals,93645,"37.140104, -119.657092",37.140104,-119.657092,Male,No,Yes,Yes,60,Yes,No,No,No internet service,No internet service,No internet service,No internet service,No internet service,No internet service,Two year,No,Mailed check,20.55,1205.05,4020,0,0,0.12,Low Risk
United States,California,Whitmore,96096,"40.637105, -121.906949",40.637105,-121.906949,Female,No,Yes,Yes,72,Yes,Yes,DSL,Yes,Yes,No,Yes,Yes,No,Two year,No,Mailed check,74.55,5430.65,4703,0,0,0.7,Low Risk
United States,California,Cerritos,90703,"33.8681, -118.067402",33.8681,-118.067402,Male,No,No,No,45,Yes,No,No,No internet service,No internet service,No internet service,No internet service,No internet service,No internet service,One year,Yes,Electronic check,20.4,930.45,5398,1,0,2.11,Low Risk
United States,California,Moss Beach,94038,"37.515556, -122.502311",37.515556,-122.502311,Male,No,Yes,Yes,37,Yes,No,Fiber optic,No,No,No,No,Yes,Yes,One year,No,Credit card (automatic),91.2,3247.55,5263,0,0,5.24,Low Risk
United States,California,La Mirada,90638,"33.902045, -118.008961",33.902045,-118.008961,Female,No,Yes,Yes,7,Yes,No,DSL,Yes,No,No,No,No,No,Month-to-month,No,Mailed check,50.7,350.35,3097,0,0,3.13,Low Risk
United States,California,Santa Monica,90403,"34.031529, -118.491156",34.031529,-118.491156,Female,No,No,No,4,Yes,No,DSL,No,Yes,No,No,No,No,Month-to-month,No,Credit card (automatic),50.7,151.3,4930,1,1,59.53,Medium Risk
United States,California,Los Angeles,90068,"34.137411, -118.328915",34.137411,-118.328915,Female,No,No,No,1,Yes,No,DSL,Yes,Yes,No,No,No,No,Month-to-month,Yes,Electronic check,54.9,54.9,2833,1,0,44.55,Medium Risk
United States,California,Imperial,92251,"32.858595, -115.662709",32.858595,-115.662709,Female,No,No,No,4,Yes,No,DSL,Yes,Yes,No,Yes,No,No,Month-to-month,Yes,Mailed check,60.4,272.15,5730,1,0,44.24,Medium Risk
United States,California,Grimes,95950,"39.033058, -121.895718",39.033058,-121.895718,Male,No,Yes,No,18,Yes,No,DSL,No,No,Yes,No,No,No,Month-to-month,Yes,Mailed check,49.55,878.35,2815,1,1,60.71,Medium Risk
United States,California,Oakland,94603,"37.739113, -122.175602",37.739113,-122.175602,Female,No,No,No,12,Yes,Yes,DSL,No,No,No,Yes,Yes,Yes,One year,No,Mailed check,74.05,872.65,4149,1,0,22.35,Low Risk
United States,California,Solana Beach,92075,"33.001813, -117.263628",33.001813,-117.263628,Female,No,Yes,No,1,Yes,No,Fiber optic,No,No,No,No,Yes,No,Month-to-month,Yes,Mailed check,80.05,80.05,2943,1,1,92.86,High Risk
United States,California,Sacramento,95825,"38.590035, -121.412455",38.590035,-121.412455,Male,No,Yes,Yes,72,Yes,Yes,No,No internet service,No internet service,No internet service,No internet service,No internet service,No internet service,Two year,No,Bank transfer (automatic),25.0,1738.9,4275,0,0,0.24,Low Risk
United States,California,San Jose,95148,"37.339533, -121.777179",37.339533,-121.777179,Male,No,Yes,No,42,Yes,No,No,No internet service,No internet service,No internet service,No internet service,No internet service,No internet service,Two year,No,Electronic check,20.25,835.5,5940,0,0,7.18,Low Risk
United States,California,Boulevard,91905,"32.677097, -116.304991",32.677097,-116.304991,Male,Yes,No,No,24,Yes,Yes,Fiber optic,No,No,No,No,No,No,Month-to-month,Yes,Electronic check,76.1,1712.7,2018,1,1,72.13,High Risk
United States,California,Orosi,93647,"36.600185, -119.175655",36.600185,-119.175655,Male,No,Yes,Yes,26,Yes,No,Fiber optic,No,No,No,No,No,Yes,One year,No,Bank transfer (automatic),78.95,2034.25,4237,0,0,20.64,Low Risk
United States,California,El Centro,92243,"32.770393, -115.60915",32.770393,-115.60915,Female,No,Yes,Yes,68,Yes,Yes,DSL,Yes,Yes,Yes,No,Yes,No,One year,Yes,Credit card (automatic),73.0,5163.0,4156,0,0,0.66,Low Risk
United States,California,Compton,90220,"33.88151, -118.234451",33.88151,-118.234451,Female,No,No,No,17,Yes,No,No,No internet service,No internet service,No internet service,No internet service,No internet service,No internet service,One year,No,Bank transfer (automatic),19.9,323.15,2093,0,0,3.62,Low Risk
United States,California,Claremont,91711,"34.127621, -117.717863",34.127621,-117.717863,Male,No,Yes,Yes,59,Yes,Yes,Fiber optic,Yes,Yes,No,Yes,Yes,Yes,Two year,Yes,Mailed check,111.1,6555.2,4952,0,0,3.6,Low Risk
United States,California,Antelope,95843,"38.715498, -121.363411",38.715498,-121.363411,Male,No,Yes,No,13,Yes,Yes,Fiber optic,No,No,No,No,No,No,Month-to-month,Yes,Credit card (automatic),74.4,896.75,3687,1,1,79.32,High Risk
United States,California,French Gulch,96033,"40.740138, -122.587476",40.740138,-122.587476,Female,No,No,No,2,Yes,No,No,No internet service,No internet service,No internet service,No internet service,No internet service,No internet service,Month-to-month,Yes,Mailed check,20.45,42.45,2606,0,0,20.38,Low Risk
United States,California,Sonora,95370,"37.982716, -120.343732",37.982716,-120.343732,Female,No,Yes,No,67,Yes,No,No,No internet service,No internet service,No internet service,No internet service,No internet service,No internet service,Two year,No,Mailed check,19.65,1335.2,4994,0,0,0.46,Low Risk
United States,California,Dunsmuir,96025,"41.212695, -122.392067",41.212695,-122.392067,Female,No,No,No,17,Yes,No,No,No internet service,No internet service,No internet service,No internet service,No internet service,No internet service,One year,No,Credit card (automatic),20.05,337.9,4828,0,0,17.41,Low Risk
United States,California,Emeryville,94608,"37.83726, -122.287648",37.83726,-122.287648,Male,No,Yes,No,71,Yes,Yes,DSL,Yes,Yes,Yes,Yes,No,Yes,Two year,Yes,Mailed check,80.1,5585.4,6045,0,0,28.72,Low Risk
United States,California,Klamath River,96050,"41.816595, -122.948287",41.816595,-122.948287,Female,No,Yes,No,17,Yes,No,Fiber optic,No,No,Yes,Yes,Yes,Yes,One year,No,Bank transfer (automatic),98.6,1704.95,5160,1,0,33.28,Low Risk
United States,California,Bodfish,93205,"35.523991, -118.400432",35.523991,-118.400432,Male,No,No,No,1,Yes,No,Fiber optic,No,No,No,No,Yes,Yes,Month-to-month,Yes,Electronic check,89.55,89.55,4996,1,1,96.52,High Risk
United States,California,Sacramento,95834,"38.646209, -121.52446",38.646209,-121.52446,Female,No,Yes,Yes,6,Yes,No,No,No internet service,No internet service,No internet service,No internet service,No internet service,No internet service,One year,No,Mailed check,19.7,94.45,4122,0,0,4.63,Low Risk
United States,California,Newport Coast,92657,"33.603282, -117.821841",33.603282,-117.821841,Male,No,Yes,No,61,Yes,Yes,Fiber optic,No,Yes,Yes,Yes,Yes,Yes,Month-to-month,Yes,Electronic check,114.1,7132.15,5239,0,1,64.83,Medium Risk
United States,California,Courtland,95615,"38.311609, -121.554034",38.311609,-121.554034,Female,No,No,No,6,Yes,Yes,Fiber optic,No,No,No,No,No,No,Month-to-month,Yes,Mailed check,73.85,401.3,4220,0,1,69.09,Medium Risk
United States,California,Twain,95984,"40.022184, -121.062384",40.022184,-121.062384,Female,Yes,No,No,1,No,No phone service,DSL,No,No,No,No,No,No,Month-to-month,No,Mailed check,25.05,25.05,4842,1,1,90.3,High Risk
United States,California,Redwood Valley,95470,"39.298065, -123.25211",39.298065,-123.25211,Female,No,Yes,No,21,Yes,No,Fiber optic,No,Yes,Yes,Yes,Yes,Yes,Month-to-month,Yes,Electronic check,102.8,2110.15,3123,1,1,78.87,High Risk
United States,California,Princeton,95970,"39.424957, -122.039307",39.424957,-122.039307,Female,No,Yes,No,60,Yes,Yes,Fiber optic,No,Yes,Yes,Yes,Yes,Yes,Two year,Yes,Credit card (automatic),110.8,6640.7,5942,0,1,55.35,Medium Risk
United States,California,Mc Kittrick,93251,"35.38381, -119.730885",35.38381,-119.730885,Female,Yes,No,No,20,Yes,Yes,Fiber optic,No,No,No,No,No,Yes,Month-to-month,Yes,Credit card (automatic),85.8,1727.5,3336,1,1,86.1,High Risk
United States,California,Sacramento,95829,"38.486502, -121.334051",38.486502,-121.334051,Male,No,Yes,No,22,Yes,Yes,Fiber optic,Yes,No,No,Yes,Yes,No,Month-to-month,No,Credit card (automatic),95.9,2234.95,3207,0,1,71.48,High Risk
United States,California,Fillmore,93015,"34.408161, -118.865111",34.408161,-118.865111,Female,No,No,No,40,Yes,No,No,No internet service,No internet service,No internet service,No internet service,No internet service,No internet service,Two year,Yes,Bank transfer (automatic),20.6,827.3,3091,0,0,1.48,Low Risk
United States,California,Vista,92083,"33.17494, -117.242761",33.17494,-117.242761,Male,No,No,No,23,Yes,Yes,Fiber optic,No,No,No,No,No,No,Month-to-month,Yes,Electronic check,74.95,1710.45,5897,1,1,62.88,Medium Risk
United States,California,Los Osos,93402,"35.279984, -120.824288",35.279984,-120.824288,Female,No,No,Yes,1,Yes,No,DSL,No,No,No,No,No,No,Month-to-month,No,Mailed check,45.95,45.95,4563,1,0,8.08,Low Risk
United States,California,Woodland,95695,"38.71967, -121.862416",38.71967,-121.862416,Male,No,No,No,46,No,No phone service,DSL,Yes,No,Yes,Yes,No,No,Two year,No,Mailed check,38.25,1755.35,2653,0,0,7.95,Low Risk
United States,California,Richvale,95974,"39.495768, -121.747472",39.495768,-121.747472,Female,No,Yes,Yes,5,Yes,No,Fiber optic,No,No,No,No,No,No,Month-to-month,No,Credit card (automatic),69.95,320.4,3850,0,0,22.47,Low Risk
United States,California,Pala,92059,"33.384345, -117.072619",33.384345,-117.072619,Male,Yes,No,No,68,Yes,No,No,No internet service,No internet service,No internet service,No internet service,No internet service,No internet service,Two year,Yes,Credit card (automatic),20.0,1396.0,6136,0,0,1.66,Low Risk
United States,California,Rio Dell,95562,"40.485849, -124.163234",40.485849,-124.163234,Female,Yes,No,No,1,No,No phone service,DSL,No,No,No,No,No,No,Month-to-month,Yes,Electronic check,25.2,25.2,5688,1,1,95.77,High Risk
United States,California,Chatsworth,91311,"34.294142, -118.603883",34.294142,-118.603883,Female,No,Yes,No,2,Yes,No,No,No internet service,No internet service,No internet service,No internet service,No internet service,No internet service,Month-to-month,No,Bank transfer (automatic),20.1,43.15,4158,0,0,48.33,Medium Risk
United States,California,Dunlap,93621,"36.789213, -119.140338",36.789213,-119.140338,Female,Yes,No,No,14,Yes,Yes,Fiber optic,No,Yes,Yes,No,Yes,Yes,Month-to-month,Yes,Electronic check,104.85,1531.4,2292,1,1,87.42,High Risk
United States,California,Anaheim,92804,"33.818, -117.974404",33.818,-117.974404,Male,No,No,No,10,Yes,No,Fiber optic,No,No,No,No,No,No,Month-to-month,Yes,Electronic check,70.0,740.0,3156,1,1,51.25,Medium Risk
United States,California,San Fernando,91340,"34.286131, -118.435969",34.286131,-118.435969,Male,No,No,Yes,13,Yes,No,Fiber optic,No,No,No,No,Yes,No,Month-to-month,Yes,Credit card (automatic),78.3,1033.95,5566,0,0,23.23,Low Risk
United States,California,Homewood,96141,"39.117018, -120.212535",39.117018,-120.212535,Female,No,No,No,34,Yes,Yes,Fiber optic,Yes,Yes,Yes,No,Yes,Yes,Month-to-month,Yes,Mailed check,109.8,3587.25,3410,1,1,77.55,High Risk
United States,California,Oakland,94606,"37.792489, -122.244314",37.792489,-122.244314,Male,No,Yes,No,18,Yes,No,DSL,No,No,Yes,No,No,Yes,Month-to-month,No,Electronic check,57.45,990.85,2989,1,0,39.62,Low Risk
United States,California,Los Angeles,90007,"34.027337, -118.28515",34.027337,-118.28515,Male,No,Yes,Yes,71,Yes,No,No,No internet service,No internet service,No internet service,No internet service,No internet service,No internet service,Two year,No,Credit card (automatic),19.7,1301.1,4808,0,0,0.27,Low Risk
United States,California,Inyokern,93527,"36.041315, -118.188235",36.041315,-118.188235,Female,No,Yes,No,70,Yes,Yes,Fiber optic,No,Yes,Yes,Yes,Yes,Yes,Two year,Yes,Electronic check,110.5,7752.05,5979,0,0,30.06,Low Risk
United States,California,Burson,95225,"38.183918, -120.898817",38.183918,-120.898817,Female,No,Yes,No,52,Yes,No,DSL,Yes,No,Yes,No,Yes,No,One year,Yes,Mailed check,64.3,3410.6,4405,0,0,6.28,Low Risk
United States,California,Greenwood,95635,"38.921333, -120.897718",38.921333,-120.897718,Male,No,Yes,Yes,68,Yes,No,Fiber optic,Yes,Yes,Yes,No,Yes,Yes,Two year,Yes,Bank transfer (automatic),105.25,7173.15,5795,0,0,6.47,Low Risk
United States,California,Imperial Beach,91932,"32.579134, -117.119009",32.579134,-117.119009,Male,No,Yes,Yes,38,Yes,No,No,No internet service,No internet service,No internet service,No internet service,No internet service,No internet service,Month-to-month,No,Electronic check,19.6,717.3,3854,0,0,16.59,Low Risk
United States,California,Ben Lomond,95005,"37.078873, -122.090386",37.078873,-122.090386,Female,No,Yes,No,58,Yes,Yes,No,No internet service,No internet service,No internet service,No internet service,No internet service,No internet service,One year,Yes,Credit card (automatic),24.5,1497.9,4455,0,0,6.42,Low Risk
United States,California,Onyx,93255,"35.676978, -118.101378",35.676978,-118.101378,Male,No,No,No,3,Yes,No,Fiber optic,No,No,No,No,Yes,Yes,Month-to-month,No,Mailed check,90.7,237.65,3953,0,1,86.79,High Risk
United States,California,North San Juan,95960,"39.423046, -120.984472",39.423046,-120.984472,Male,No,Yes,No,14,Yes,No,DSL,No,No,No,Yes,No,No,Month-to-month,No,Bank transfer (automatic),48.8,664.4,2168,0,0,34.94,Low Risk
United States,California,Ballico,95303,"37.4695, -120.672724",37.4695,-120.672724,Male,No,No,No,2,No,No phone service,DSL,No,No,No,No,No,No,Month-to-month,Yes,Credit card (automatic),24.9,49.7,4033,0,1,75.12,High Risk
United States,California,Glendale,91207,"34.182378, -118.262922",34.182378,-118.262922,Female,No,Yes,No,1,No,No phone service,DSL,No,No,No,No,No,No,Month-to-month,Yes,Electronic check,24.8,24.8,4851,1,1,92.61,High Risk
United States,California,Isleton,95641,"38.154823, -121.601358",38.154823,-121.601358,Female,Yes,No,No,72,Yes,Yes,Fiber optic,Yes,Yes,Yes,Yes,No,Yes,Two year,Yes,Bank transfer (automatic),107.4,7748.75,5294,0,0,6.08,Low Risk
United States,California,Valencia,91355,"34.43987, -118.644609",34.43987,-118.644609,Male,No,No,No,3,Yes,No,DSL,No,No,No,No,No,No,Month-to-month,Yes,Electronic check,43.3,123.65,4849,1,1,58.01,Medium Risk
United States,California,Woodbridge,95258,"38.169605, -121.310964",38.169605,-121.310964,Female,No,No,No,13,Yes,Yes,Fiber optic,Yes,No,No,No,No,No,Month-to-month,Yes,Credit card (automatic),80.0,1029.35,5577,0,1,76.06,High Risk
United States,California,Trinity Center,96091,"41.081847, -122.700545",41.081847,-122.700545,Male,Yes,Yes,Yes,72,Yes,No,Fiber optic,Yes,No,Yes,Yes,Yes,Yes,Two year,Yes,Credit card (automatic),104.1,7447.7,5092,0,0,6.95,Low Risk
United States,California,Los Angeles,90002,"33.949255, -118.246978",33.949255,-118.246978,Male,No,Yes,No,58,Yes,No,No,No internet service,No internet service,No internet service,No internet service,No internet service,No internet service,Two year,No,Mailed check,20.75,1185.95,4927,0,0,2.64,Low Risk
United States,California,Wildomar,92595,"33.617108, -117.253349",33.617108,-117.253349,Male,Yes,Yes,No,71,Yes,No,Fiber optic,No,Yes,Yes,Yes,No,Yes,Two year,Yes,Credit card (automatic),95.5,6707.15,6412,0,0,7.61,Low Risk
United States,California,Long Beach,90808,"33.823943, -118.111335",33.823943,-118.111335,Female,No,No,No,1,Yes,No,Fiber optic,No,No,Yes,No,No,No,Month-to-month,No,Electronic check,76.35,76.35,5613,1,1,90.77,High Risk
United States,California,Arvin,93203,"35.116307, -118.817644",35.116307,-118.817644,Female,No,Yes,No,54,Yes,Yes,DSL,Yes,Yes,Yes,Yes,Yes,Yes,Two year,No,Credit card (automatic),91.3,4965.0,5907,0,0,5.64,Low Risk
United States,California,Etna,96027,"41.405193, -123.008567",41.405193,-123.008567,Male,No,No,No,39,No,No phone service,DSL,Yes,No,No,Yes,Yes,No,One year,No,Bank transfer (automatic),45.05,1790.6,4003,0,0,21.34,Low Risk
United States,California,Barstow,92311,"34.965648, -117.001509",34.965648,-117.001509,Female,No,No,No,1,Yes,No,Fiber optic,No,No,No,No,No,No,Month-to-month,Yes,Electronic check,70.6,70.6,4063,1,1,84.27,High Risk
United States,California,Clearlake Oaks,95423,"39.07116, -122.598542",39.07116,-122.598542,Male,No,Yes,No,61,Yes,Yes,DSL,Yes,Yes,Yes,Yes,No,Yes,Two year,Yes,Bank transfer (automatic),80.8,4860.85,4302,0,0,6.88,Low Risk
United States,California,Palomar Mountain,92060,"33.309852, -116.823091",33.309852,-116.823091,Female,No,Yes,No,25,Yes,No,Fiber optic,No,Yes,Yes,No,Yes,No,Month-to-month,Yes,Bank transfer (automatic),89.15,2257.75,5853,1,1,93.84,High Risk
United States,California,Covina,91724,"34.08111, -117.853935",34.08111,-117.853935,Female,No,No,No,37,Yes,Yes,Fiber optic,Yes,Yes,Yes,No,No,No,Month-to-month,No,Bank transfer (automatic),91.2,3382.3,5135,0,0,30.98,Low Risk
United States,California,San Bernardino,92408,"34.084909, -117.258107",34.084909,-117.258107,Female,Yes,No,No,26,Yes,No,Fiber optic,No,No,No,No,Yes,Yes,Month-to-month,Yes,Electronic check,91.25,2351.8,5154,1,1,89.92,High Risk
United States,California,Mountain View,94040,"37.380662, -122.086022",37.380662,-122.086022,Male,No,No,No,10,Yes,No,No,No internet service,No internet service,No internet service,No internet service,No internet service,No internet service,Month-to-month,No,Credit card (automatic),19.75,208.25,3926,0,0,43.16,Medium Risk
United States,California,Kyburz,95720,"38.766036, -120.209673",38.766036,-120.209673,Female,No,No,No,1,Yes,No,No,No internet service,No internet service,No internet service,No internet service,No internet service,No internet service,Month-to-month,No,Mailed check,20.4,20.4,3663,1,0,27.72,Low Risk
United States,California,El Monte,91731,"34.079934, -118.046695",34.079934,-118.046695,Female,Yes,Yes,No,24,No,No phone service,DSL,No,No,Yes,No,No,Yes,Month-to-month,Yes,Credit card (automatic),40.65,933.3,3843,1,1,68.02,Medium Risk
United States,California,Pixley,93256,"35.957019, -119.330928",35.957019,-119.330928,Male,Yes,No,No,65,Yes,Yes,Fiber optic,Yes,No,Yes,Yes,Yes,Yes,Two year,Yes,Electronic check,110.35,7246.15,4295,0,0,10.41,Low Risk
United States,California,Imperial Beach,91932,"32.579134, -117.119009",32.579134,-117.119009,Male,No,No,No,23,Yes,No,DSL,No,No,No,No,Yes,Yes,One year,Yes,Bank transfer (automatic),64.9,1509.8,3314,0,1,76.67,High Risk
United States,California,Hawaiian Gardens,90716,"33.830431, -118.074071",33.830431,-118.074071,Male,No,No,No,49,Yes,Yes,DSL,No,No,No,Yes,Yes,No,Two year,Yes,Bank transfer (automatic),66.15,3199.0,6138,0,0,12.8,Low Risk
United States,California,Waterford,95386,"37.669516, -120.626964",37.669516,-120.626964,Female,Yes,No,No,42,Yes,Yes,DSL,No,No,Yes,No,No,No,Month-to-month,No,Electronic check,55.65,2421.75,5831,0,1,72.85,High Risk
United States,California,Corona,92883,"33.762351, -117.488725",33.762351,-117.488725,Female,No,No,No,8,Yes,No,No,No internet service,No internet service,No internet service,No internet service,No internet service,No internet service,Two year,No,Mailed check,20.85,161.65,4249,0,0,11.31,Low Risk
United States,California,Forest Ranch,95942,"40.077028, -121.494168",40.077028,-121.494168,Female,No,No,No,28,Yes,No,DSL,No,Yes,No,Yes,No,No,Month-to-month,No,Bank transfer (automatic),54.65,1517.5,3185,0,0,19.67,Low Risk
United States,California,San Francisco,94131,"37.746699, -122.442833",37.746699,-122.442833,Male,No,No,No,71,Yes,Yes,DSL,Yes,Yes,Yes,Yes,No,Yes,Two year,No,Bank transfer (automatic),80.6,5708.2,5447,0,0,2.24,Low Risk
United States,California,Holtville,92250,"32.811001, -115.152865",32.811001,-115.152865,Male,No,Yes,No,69,Yes,Yes,Fiber optic,No,No,Yes,No,Yes,Yes,Month-to-month,Yes,Credit card (automatic),99.45,7007.6,4020,1,1,65.7,Medium Risk
United States,California,Richmond,94805,"37.941456, -122.320968",37.941456,-122.320968,Male,No,Yes,Yes,68,Yes,Yes,Fiber optic,Yes,Yes,Yes,Yes,Yes,Yes,Two year,Yes,Bank transfer (automatic),114.7,7849.85,5671,0,0,17.96,Low Risk
United States,California,Cathedral City,92234,"33.829583, -116.474131",33.829583,-116.474131,Female,No,Yes,No,64,Yes,Yes,Fiber optic,No,Yes,No,Yes,Yes,Yes,Two year,Yes,Bank transfer (automatic),105.4,6794.75,4512,0,0,6.87,Low Risk
United States,California,Bishop,93514,"37.04584, -118.397236",37.04584,-118.397236,Female,Yes,No,No,3,Yes,No,Fiber optic,No,No,Yes,No,No,No,Month-to-month,No,Mailed check,75.05,202.9,3545,0,0,48.21,Medium Risk
United States,California,Guadalupe,93434,"34.936, -120.594655",34.936,-120.594655,Female,No,Yes,Yes,66,Yes,No,DSL,No,No,No,Yes,No,No,One year,Yes,Credit card (automatic),49.4,3251.85,5232,0,0,1.13,Low Risk
United States,California,Parker Dam,92267,"34.273872, -114.192901",34.273872,-114.192901,Male,No,No,No,28,Yes,No,No,No internet service,No internet service,No internet service,No internet service,No internet service,No internet service,One year,No,Credit card (automatic),18.25,534.7,5327,0,0,11.63,Low Risk
United States,California,Milpitas,95035,"37.441931, -121.878502",37.441931,-121.878502,Male,No,Yes,No,67,Yes,No,Fiber optic,Yes,Yes,Yes,Yes,Yes,Yes,Two year,Yes,Electronic check,111.05,7321.05,6103,0,0,16.45,Low Risk
United States,California,Santa Cruz,95064,"37.007882, -122.065975",37.007882,-122.065975,Male,No,Yes,No,46,Yes,No,No,No internet service,No internet service,No internet service,No internet service,No internet service,No internet service,Month-to-month,No,Electronic check,19.6,851.2,5092,0,0,13.29,Low Risk
United States,California,Torrance,90504,"33.867257, -118.330794",33.867257,-118.330794,Male,No,Yes,Yes,55,Yes,Yes,Fiber optic,Yes,Yes,No,No,Yes,No,Month-to-month,Yes,Electronic check,96.75,5238.9,5154,1,0,19.17,Low Risk
United States,California,Long Beach,90802,"33.752524, -118.210737",33.752524,-118.210737,Male,No,No,No,22,Yes,No,Fiber optic,No,No,No,No,No,No,Month-to-month,Yes,Mailed check,69.7,1490.4,4838,0,1,84.66,High Risk
United States,California,Crows Landing,95313,"37.435664, -121.049056",37.435664,-121.049056,Male,No,Yes,Yes,18,Yes,No,Fiber optic,Yes,No,Yes,No,Yes,No,Month-to-month,Yes,Mailed check,87.9,1500.5,5192,0,0,43.49,Medium Risk
United States,California,Berkeley,94707,"37.897753, -122.279391",37.897753,-122.279391,Male,No,Yes,No,46,No,No phone service,DSL,Yes,No,Yes,Yes,No,No,Two year,No,Credit card (automatic),40.4,1842.7,2519,0,0,4.21,Low Risk
United States,California,Rosamond,93560,"34.903052, -118.411251",34.903052,-118.411251,Female,No,Yes,No,10,Yes,Yes,Fiber optic,Yes,No,No,No,No,No,Month-to-month,Yes,Credit card (automatic),78.15,765.15,3403,0,1,77.35,High Risk
United States,California,Monte Rio,95462,"38.471049, -123.015549",38.471049,-123.015549,Male,No,Yes,No,72,Yes,Yes,Fiber optic,No,Yes,No,No,Yes,Yes,Two year,Yes,Electronic check,99.4,7285.7,6022,0,0,19.58,Low Risk
United States,California,Macdoel,96058,"41.769709, -121.92063",41.769709,-121.92063,Male,No,No,No,16,Yes,Yes,DSL,No,Yes,No,No,No,No,Month-to-month,No,Electronic check,55.3,875.35,3771,0,0,42.8,Medium Risk
United States,California,San Pedro,90732,"33.744119, -118.31448",33.744119,-118.31448,Male,Yes,No,No,3,Yes,Yes,Fiber optic,No,No,No,No,No,No,Month-to-month,Yes,Electronic check,77.0,237.75,3128,1,1,82.24,High Risk
United States,California,San Ardo,93450,"35.996008, -120.85305",35.996008,-120.85305,Male,No,Yes,Yes,21,No,No phone service,DSL,No,No,No,No,No,No,Month-to-month,Yes,Electronic check,26.05,565.75,4302,0,0,21.93,Low Risk
United States,California,Bangor,95914,"39.396585, -121.38029",39.396585,-121.38029,Male,No,No,No,5,Yes,No,Fiber optic,No,No,No,No,No,Yes,Month-to-month,No,Mailed check,78.75,426.35,2610,0,1,82.61,High Risk
United States,California,Glendale,91202,"34.167926, -118.267539",34.167926,-118.267539,Female,No,No,No,1,No,No phone service,DSL,No,Yes,No,No,No,No,Month-to-month,No,Bank transfer (automatic),29.95,29.95,4534,1,1,67.28,Medium Risk
United States,California,Nicolaus,95659,"38.788898, -121.608624",38.788898,-121.608624,Female,No,No,No,1,Yes,No,DSL,No,No,No,No,No,No,Month-to-month,Yes,Mailed check,45.4,45.4,2168,1,0,48.57,Medium Risk
United States,California,San Lucas,93954,"36.125529, -120.864443",36.125529,-120.864443,Male,Yes,Yes,No,36,Yes,Yes,Fiber optic,No,No,No,No,No,Yes,Month-to-month,Yes,Credit card (automatic),85.25,3132.75,3041,1,1,63.7,Medium Risk
United States,California,Cassel,96016,"40.936285, -121.572692",40.936285,-121.572692,Male,No,Yes,No,64,Yes,No,Fiber optic,Yes,Yes,No,Yes,Yes,Yes,Two year,Yes,Credit card (automatic),104.05,6605.55,4337,0,0,24.54,Low Risk
United States,California,Riverside,92501,"33.994676, -117.372498",33.994676,-117.372498,Male,Yes,Yes,No,30,Yes,Yes,DSL,No,No,Yes,No,Yes,Yes,Two year,No,Electronic check,74.85,2181.75,5610,0,0,13.11,Low Risk
United States,California,Redwood City,94065,"37.527497, -122.230941",37.527497,-122.230941,Female,No,Yes,Yes,72,Yes,No,No,No internet service,No internet service,No internet service,No internet service,No internet service,No internet service,Two year,No,Bank transfer (automatic),19.55,1463.45,4424,0,0,0.08,Low Risk
United States,California,San Fernando,91340,"34.286131, -118.435969",34.286131,-118.435969,Male,No,Yes,Yes,46,Yes,No,No,No internet service,No internet service,No internet service,No internet service,No internet service,No internet service,Two year,Yes,Mailed check,20.1,936.85,3392,0,0,0.29,Low Risk
United States,California,Strawberry Valley,95981,"39.58458, -121.093256",39.58458,-121.093256,Female,No,Yes,No,45,Yes,No,Fiber optic,No,No,No,Yes,Yes,Yes,Two year,Yes,Credit card (automatic),95.2,4285.8,3363,0,1,51.59,Medium Risk
United States,California,Rancho Mirage,92270,"33.763678, -116.429928",33.763678,-116.429928,Female,No,No,No,2,Yes,No,No,No internet service,No internet service,No internet service,No internet service,No internet service,No internet service,Month-to-month,No,Mailed check,20.65,38.7,3845,1,0,25.1,Low Risk
United States,California,Chilcoot,96105,"39.872961, -120.198876",39.872961,-120.198876,Female,No,No,No,34,Yes,No,DSL,Yes,Yes,No,No,No,No,One year,No,Mailed check,55.0,1885.15,4027,0,0,7.74,Low Risk
United States,California,Mineral,96063,"40.408796, -121.579609",40.408796,-121.579609,Female,No,Yes,No,54,Yes,Yes,Fiber optic,Yes,Yes,No,No,Yes,Yes,One year,No,Bank transfer (automatic),106.55,5763.3,4893,1,0,11.1,Low Risk
United States,California,Los Angeles,90065,"34.108833, -118.229715",34.108833,-118.229715,Male,No,No,No,21,Yes,No,No,No internet service,No internet service,No internet service,No internet service,No internet service,No internet service,Month-to-month,Yes,Mailed check,19.95,416.4,3632,0,0,19.8,Low Risk
United States,California,Fresno,93727,"36.751489, -119.68072",36.751489,-119.68072,Male,No,Yes,No,65,Yes,Yes,DSL,Yes,No,Yes,Yes,No,Yes,Two year,No,Bank transfer (automatic),76.15,4929.55,6177,0,0,3.36,Low Risk
United States,California,Graton,95444,"38.434362, -122.86891",38.434362,-122.86891,Female,No,Yes,No,20,Yes,No,Fiber optic,No,No,No,No,No,No,Month-to-month,Yes,Bank transfer (automatic),69.8,1540.35,5456,0,1,79.26,High Risk
United States,California,Dana Point,92629,"33.477923, -117.705314",33.477923,-117.705314,Male,No,No,No,1,Yes,No,Fiber optic,No,No,No,No,Yes,No,Month-to-month,Yes,Electronic check,79.5,79.5,4490,1,1,90.34,High Risk
United States,California,Paramount,90723,"33.897122, -118.164432",33.897122,-118.164432,Male,No,Yes,Yes,42,Yes,Yes,DSL,Yes,Yes,No,No,Yes,No,Month-to-month,Yes,Bank transfer (automatic),69.4,3058.3,4701,0,0,6.66,Low Risk
United States,California,Brisbane,94005,"37.684694, -122.40712",37.684694,-122.40712,Male,No,No,No,1,Yes,No,No,No internet service,No internet service,No internet service,No internet service,No internet service,No internet service,Month-to-month,No,Mailed check,19.4,19.4,4152,1,0,35.46,Low Risk
United States,California,Encino,91316,"34.150354, -118.518292",34.150354,-118.518292,Female,No,Yes,No,20,Yes,No,Fiber optic,Yes,Yes,No,Yes,Yes,No,Month-to-month,Yes,Electronic check,96.55,1901.65,4382,0,1,80.2,High Risk
United States,California,San Clemente,92673,"33.4725, -117.584273",33.4725,-117.584273,Male,No,No,No,11,Yes,No,Fiber optic,No,No,No,No,No,No,Month-to-month,No,Electronic check,70.2,760.05,2535,0,1,59.63,Medium Risk
United States,California,Buellton,93427,"34.631362, -120.238218",34.631362,-120.238218,Female,No,Yes,No,61,Yes,Yes,No,No internet service,No internet service,No internet service,No internet service,No internet service,No internet service,Two year,No,Bank transfer (automatic),25.3,1554.9,4501,0,0,2.35,Low Risk
United States,California,San Ramon,94583,"37.766556, -121.976784",37.766556,-121.976784,Female,No,Yes,No,64,Yes,Yes,No,No internet service,No internet service,No internet service,No internet service,No internet service,No internet service,Two year,No,Credit card (automatic),25.0,1584.8,5538,0,0,1.13,Low Risk
United States,California,San Mateo,94403,"37.538309, -122.305109",37.538309,-122.305109,Female,Yes,Yes,No,25,Yes,No,Fiber optic,No,Yes,Yes,No,No,Yes,Month-to-month,No,Bank transfer (automatic),88.4,2191.15,4849,0,1,70.62,High Risk
United States,California,Mojave,93501,"35.097323, -118.171288",35.097323,-118.171288,Female,No,No,No,44,Yes,Yes,DSL,No,No,No,No,No,No,Month-to-month,Yes,Mailed check,50.15,2139.1,5790,0,0,42.84,Medium Risk
United States,California,Anderson,96007,"40.448632, -122.306657",40.448632,-122.306657,Female,No,Yes,No,5,Yes,No,Fiber optic,No,No,No,No,No,No,Month-to-month,No,Electronic check,69.95,330.15,2969,1,1,66.24,Medium Risk
United States,California,Hawthorne,90250,"33.914775, -118.348083",33.914775,-118.348083,Female,Yes,Yes,Yes,48,No,No phone service,DSL,No,Yes,No,No,No,No,One year,No,Bank transfer (automatic),29.9,1388.75,2617,0,0,1.18,Low Risk
United States,California,Salinas,93901,"36.64152, -121.622188",36.64152,-121.622188,Male,No,No,No,6,Yes,Yes,Fiber optic,No,No,No,No,No,No,Month-to-month,Yes,Electronic check,74.9,469.8,4160,1,1,84.74,High Risk
United States,California,Panorama City,91402,"34.223768, -118.445461",34.223768,-118.445461,Male,No,Yes,No,4,Yes,No,DSL,No,No,No,Yes,No,No,Month-to-month,No,Mailed check,50.05,179.35,3394,1,1,64.73,Medium Risk
United States,California,Three Rivers,93271,"36.413433, -118.854708",36.413433,-118.854708,Male,No,Yes,Yes,72,Yes,No,No,No internet service,No internet service,No internet service,No internet service,No internet service,No internet service,Two year,No,Bank transfer (automatic),19.95,1322.85,5092,0,0,0.05,Low Risk
United States,California,Spring Valley,91978,"32.730264, -116.950963",32.730264,-116.950963,Male,No,No,No,54,Yes,Yes,Fiber optic,No,No,Yes,No,No,Yes,Month-to-month,No,Credit card (automatic),89.4,4869.5,5871,0,0,40.22,Medium Risk
United States,California,Santa Ysabel,92070,"33.174725, -116.743329",33.174725,-116.743329,Female,No,Yes,Yes,66,Yes,Yes,DSL,Yes,Yes,Yes,No,No,No,Month-to-month,Yes,Bank transfer (automatic),67.45,4508.65,4172,0,0,0.86,Low Risk
United States,California,Calipatria,92233,"33.143826, -115.497485",33.143826,-115.497485,Male,No,No,No,3,Yes,No,DSL,No,Yes,No,No,No,No,Month-to-month,Yes,Mailed check,49.9,130.1,5585,1,0,46.19,Medium Risk
United States,California,San Francisco,94104,"37.791222, -122.402241",37.791222,-122.402241,Male,No,No,No,19,Yes,No,DSL,No,Yes,No,Yes,No,Yes,One year,Yes,Bank transfer (automatic),65.35,1231.85,2051,0,0,29.96,Low Risk
United States,California,San Jose,95117,"37.311088, -121.961786",37.311088,-121.961786,Male,No,Yes,Yes,61,Yes,Yes,DSL,No,No,Yes,Yes,Yes,Yes,Two year,Yes,Bank transfer (automatic),81.0,4976.15,4151,0,0,8.21,Low Risk
United States,California,Hopland,95449,"38.93706, -123.118111",38.93706,-123.118111,Male,No,No,No,54,Yes,No,Fiber optic,Yes,No,Yes,No,Yes,No,Month-to-month,No,Mailed check,89.8,4667.0,4980,0,0,40.3,Medium Risk
United States,California,Niland,92257,"33.345825, -115.596574",33.345825,-115.596574,Female,No,No,No,1,Yes,No,DSL,No,Yes,No,No,No,No,Month-to-month,No,Electronic check,49.95,49.95,5230,0,1,82.02,High Risk
United States,California,El Sobrante,94803,"37.963995, -122.288296",37.963995,-122.288296,Male,Yes,No,No,19,Yes,Yes,Fiber optic,No,No,Yes,No,No,No,Month-to-month,Yes,Electronic check,79.85,1471.75,3715,1,1,66.28,Medium Risk
United States,California,Willows,95988,"39.493991, -122.286363",39.493991,-122.286363,Male,No,Yes,No,24,Yes,No,No,No internet service,No internet service,No internet service,No internet service,No internet service,No internet service,Two year,No,Mailed check,19.75,483.15,3455,0,0,10.84,Low Risk
United States,California,Lucerne,95458,"39.141934, -122.770679",39.141934,-122.770679,Female,Yes,No,Yes,33,Yes,Yes,Fiber optic,No,Yes,Yes,No,Yes,Yes,Month-to-month,Yes,Bank transfer (automatic),105.35,3465.05,4738,0,1,63.92,Medium Risk
United States,California,Long Beach,90822,"33.778436, -118.118648",33.778436,-118.118648,Female,No,Yes,No,31,Yes,No,Fiber optic,No,Yes,No,No,No,Yes,Month-to-month,Yes,Bank transfer (automatic),83.85,2674.15,4283,0,1,71.99,High Risk
United States,California,Glenn,95943,"39.597975, -122.032248",39.597975,-122.032248,Male,No,Yes,No,59,No,No phone service,DSL,No,No,No,No,Yes,Yes,Month-to-month,Yes,Electronic check,44.3,2666.75,5905,0,0,29.08,Low Risk
United States,California,Lamont,93241,"35.245035, -118.905553",35.245035,-118.905553,Female,Yes,Yes,No,20,Yes,No,Fiber optic,No,No,No,No,Yes,Yes,One year,Yes,Bank transfer (automatic),91.0,1859.5,3748,0,1,56.67,Medium Risk
United States,California,La Grange,95329,"37.666587, -120.411517",37.666587,-120.411517,Male,Yes,Yes,No,60,Yes,Yes,Fiber optic,No,No,No,Yes,Yes,Yes,Month-to-month,Yes,Electronic check,99.0,6017.9,4763,0,1,80.05,High Risk
United States,California,Fontana,92335,"34.087558, -117.464096",34.087558,-117.464096,Male,No,No,Yes,18,Yes,Yes,Fiber optic,No,No,Yes,No,No,No,Month-to-month,Yes,Credit card (automatic),80.55,1406.65,5334,0,0,21.06,Low Risk
United States,California,San Jose,95135,"37.28682, -121.723877",37.28682,-121.723877,Female,No,No,Yes,19,Yes,No,DSL,Yes,Yes,Yes,No,No,No,Month-to-month,Yes,Electronic check,60.6,1297.8,2463,0,0,21.72,Low Risk
United States,California,Mcarthur,96056,"41.10831, -121.360362",41.10831,-121.360362,Female,No,Yes,Yes,24,Yes,No,No,No internet service,No internet service,No internet service,No internet service,No internet service,No internet service,Two year,No,Mailed check,19.7,452.55,4642,0,0,1.29,Low Risk
United States,California,Arvin,93203,"35.116307, -118.817644",35.116307,-118.817644,Female,No,Yes,Yes,9,Yes,No,No,No internet service,No internet service,No internet service,No internet service,No internet service,No internet service,One year,No,Mailed check,20.25,172.35,4272,0,0,3.37,Low Risk
United States,California,San Diego,92117,"32.825086, -117.199424",32.825086,-117.199424,Female,No,Yes,Yes,33,Yes,Yes,No,No internet service,No internet service,No internet service,No internet service,No internet service,No internet service,Month-to-month,No,Bank transfer (automatic),24.25,838.5,5531,0,0,5.05,Low Risk
United States,California,Armona,93202,"36.315979, -119.710852",36.315979,-119.710852,Female,No,No,No,2,Yes,No,No,No internet service,No internet service,No internet service,No internet service,No internet service,No internet service,Month-to-month,No,Mailed check,19.4,61.05,5816,0,0,32.03,Low Risk
United States,California,Montebello,90640,"34.015217, -118.109962",34.015217,-118.109962,Male,No,Yes,No,67,Yes,Yes,Fiber optic,No,Yes,Yes,No,No,Yes,Two year,Yes,Electronic check,93.15,6368.2,4001,0,0,29.62,Low Risk
United States,California,Doyle,96109,"40.012675, -120.101857",40.012675,-120.101857,Female,No,No,No,52,Yes,No,DSL,Yes,No,No,No,No,No,Month-to-month,Yes,Bank transfer (automatic),49.75,2535.55,6334,0,0,11.95,Low Risk
United States,California,Corning,96021,"39.913777, -122.289984",39.913777,-122.289984,Female,No,No,No,5,Yes,No,No,No internet service,No internet service,No internet service,No internet service,No internet service,No internet service,Month-to-month,Yes,Credit card (automatic),19.65,92.05,2878,0,1,64.45,Medium Risk
United States,California,Downey,90241,"33.940884, -118.128628",33.940884,-118.128628,Female,No,Yes,Yes,1,Yes,No,No,No internet service,No internet service,No internet service,No internet service,No internet service,No internet service,Month-to-month,Yes,Mailed check,19.4,19.4,3160,0,0,4.95,Low Risk
United States,California,Ridgecrest,93555,"35.603913, -117.67828",35.603913,-117.67828,Male,No,No,No,67,Yes,No,No,No internet service,No internet service,No internet service,No internet service,No internet service,No internet service,Two year,Yes,Mailed check,19.8,1311.3,4260,0,0,1.29,Low Risk
United States,California,Fresno,93702,"36.739385, -119.753649",36.739385,-119.753649,Female,No,No,No,63,Yes,Yes,Fiber optic,No,Yes,No,No,Yes,Yes,One year,No,Bank transfer (automatic),99.9,6137.0,4776,1,0,36.63,Low Risk
United States,California,Carmel,93923,"36.460611, -121.852507",36.460611,-121.852507,Male,Yes,No,No,2,Yes,No,DSL,No,No,Yes,No,No,No,Month-to-month,No,Mailed check,49.95,107.1,5251,0,1,73.31,High Risk
United States,California,Temecula,92592,"33.507255, -117.029473",33.507255,-117.029473,Male,Yes,Yes,No,25,Yes,Yes,Fiber optic,Yes,No,No,No,No,Yes,One year,Yes,Electronic check,89.05,2177.45,2673,1,1,85.47,High Risk
United States,California,Zenia,95595,"40.170357, -123.417298",40.170357,-123.417298,Male,No,No,No,19,Yes,No,No,No internet service,No internet service,No internet service,No internet service,No internet service,No internet service,Two year,Yes,Mailed check,19.95,373.5,2831,0,0,7.0,Low Risk
United States,California,Los Angeles,90011,"34.00709, -118.258681",34.00709,-118.258681,Male,No,No,No,62,Yes,No,DSL,Yes,Yes,No,No,No,No,One year,No,Bank transfer (automatic),56.15,3487.95,4529,0,0,2.51,Low Risk
United States,California,Los Angeles,90067,"34.057496, -118.413959",34.057496,-118.413959,Male,Yes,No,No,23,No,No phone service,DSL,No,No,No,No,No,Yes,Month-to-month,Yes,Bank transfer (automatic),34.65,768.45,2307,0,1,57.67,Medium Risk
United States,California,Morgan Hill,95037,"37.161544, -121.649371",37.161544,-121.649371,Male,No,Yes,No,70,Yes,No,DSL,Yes,Yes,Yes,Yes,No,No,Two year,No,Credit card (automatic),64.95,4523.25,5669,0,0,1.73,Low Risk
United States,California,Farmington,95230,"37.956963, -120.863055",37.956963,-120.863055,Male,No,No,No,29,Yes,No,Fiber optic,No,No,No,Yes,Yes,Yes,Month-to-month,Yes,Electronic check,94.2,2607.6,4561,0,1,53.7,Medium Risk
United States,California,Westmorland,92281,"33.03679, -115.60503",33.03679,-115.60503,Male,No,Yes,No,32,Yes,Yes,Fiber optic,No,No,Yes,No,No,No,Month-to-month,Yes,Electronic check,78.9,2447.95,5949,1,1,81.69,High Risk
United States,California,Riverside,92506,"33.930931, -117.361788",33.930931,-117.361788,Female,No,No,No,31,Yes,Yes,DSL,Yes,No,Yes,Yes,No,No,Month-to-month,No,Credit card (automatic),65.25,1994.3,4403,1,0,24.42,Low Risk
United States,California,Nicolaus,95659,"38.788898, -121.608624",38.788898,-121.608624,Female,No,No,No,59,Yes,No,Fiber optic,No,No,Yes,No,Yes,Yes,Two year,No,Electronic check,95.8,5655.45,5470,0,0,12.44,Low Risk
United States,California,Fort Bragg,95437,"39.455555, -123.683979",39.455555,-123.683979,Male,No,No,No,32,Yes,No,DSL,No,No,No,No,Yes,Yes,One year,Yes,Bank transfer (automatic),64.85,2010.95,4895,0,0,15.89,Low Risk
United States,California,Twain Harte,95383,"38.107441, -120.230625",38.107441,-120.230625,Male,No,Yes,No,17,No,No phone service,DSL,No,Yes,No,No,Yes,Yes,Month-to-month,Yes,Mailed check,49.8,836.35,5575,0,1,75.47,High Risk
United States,California,Chester,96020,"40.243494, -121.154733",40.243494,-121.154733,Male,No,No,No,26,Yes,No,No,No internet service,No internet service,No internet service,No internet service,No internet service,No internet service,Month-to-month,No,Mailed check,20.9,518.3,5895,0,0,11.78,Low Risk
United States,California,Chula Vista,91913,"32.64164, -116.985026",32.64164,-116.985026,Male,No,No,No,12,Yes,Yes,Fiber optic,No,No,No,No,Yes,Yes,Month-to-month,No,Electronic check,94.55,1173.55,5674,0,1,77.16,High Risk
United States,California,Hood,95639,"38.375325, -121.507935",38.375325,-121.507935,Male,No,Yes,Yes,61,Yes,No,Fiber optic,No,Yes,No,Yes,Yes,Yes,One year,Yes,Bank transfer (automatic),98.45,6145.2,4000,0,0,17.84,Low Risk
United States,California,San Francisco,94121,"37.776718, -122.495781",37.776718,-122.495781,Female,No,Yes,No,71,Yes,No,No,No internet service,No internet service,No internet service,No internet service,No internet service,No internet service,Two year,No,Mailed check,19.6,1416.5,4890,0,0,1.08,Low Risk
United States,California,Branscomb,95417,"39.710591, -123.682799",39.710591,-123.682799,Female,No,No,No,9,Yes,No,No,No internet service,No internet service,No internet service,No internet service,No internet service,No internet service,Month-to-month,Yes,Credit card (automatic),20.45,147.55,2392,0,0,31.25,Low Risk
United States,California,Pasadena,91107,"34.159007, -118.087353",34.159007,-118.087353,Male,Yes,Yes,No,24,Yes,Yes,Fiber optic,No,Yes,Yes,No,Yes,Yes,Month-to-month,Yes,Electronic check,104.25,2433.9,2104,1,1,95.19,High Risk
United States,California,San Diego,92102,"32.716007, -117.117462",32.716007,-117.117462,Female,Yes,No,No,7,Yes,No,Fiber optic,No,No,No,No,Yes,Yes,Month-to-month,Yes,Electronic check,89.15,574.35,2415,0,1,92.05,High Risk
United States,California,Rocklin,95765,"38.823278, -121.281856",38.823278,-121.281856,Male,No,No,Yes,41,Yes,No,Fiber optic,Yes,Yes,Yes,Yes,Yes,Yes,Two year,Yes,Electronic check,111.15,4507.15,5038,0,0,3.24,Low Risk
United States,California,Camarillo,93012,"34.205504, -118.993111",34.205504,-118.993111,Male,No,Yes,No,20,Yes,No,Fiber optic,No,No,No,No,Yes,Yes,Month-to-month,Yes,Electronic check,90.2,1776.55,2058,1,1,84.55,High Risk
United States,California,Sacramento,95819,"38.567594, -121.437507",38.567594,-121.437507,Male,No,Yes,No,33,Yes,No,Fiber optic,No,No,No,No,Yes,Yes,Month-to-month,No,Electronic check,91.25,2964.05,3296,0,1,87.33,High Risk
United States,California,San Leandro,94578,"37.704384, -122.126703",37.704384,-122.126703,Male,No,No,No,56,Yes,No,DSL,No,Yes,Yes,Yes,Yes,Yes,Two year,Yes,Credit card (automatic),81.8,4534.45,4399,0,0,2.84,Low Risk
United States,California,Piru,93040,"34.432843, -118.730106",34.432843,-118.730106,Male,No,Yes,No,1,Yes,Yes,Fiber optic,No,No,No,No,No,No,Month-to-month,Yes,Electronic check,74.5,74.5,5554,1,1,99.2,High Risk
United States,California,Fontana,92336,"34.136367, -117.460803",34.136367,-117.460803,Male,No,No,No,4,Yes,Yes,Fiber optic,No,No,No,No,No,No,Month-to-month,Yes,Electronic check,76.05,318.9,3685,1,1,75.36,High Risk
United States,California,Chino,91710,"33.990646, -117.663025",33.990646,-117.663025,Female,No,No,No,54,Yes,Yes,Fiber optic,No,Yes,Yes,Yes,Yes,Yes,Month-to-month,No,Electronic check,111.1,6014.85,5527,1,1,61.84,Medium Risk
United States,California,Long Beach,90803,"33.760458, -118.129725",33.760458,-118.129725,Female,No,Yes,Yes,8,Yes,No,DSL,No,No,No,Yes,Yes,Yes,Month-to-month,Yes,Electronic check,68.55,564.35,3123,0,0,39.18,Low Risk
United States,California,Princeton,95970,"39.424957, -122.039307",39.424957,-122.039307,Male,No,Yes,No,58,No,No phone service,DSL,No,No,No,No,Yes,Yes,One year,Yes,Credit card (automatic),45.0,2689.35,5006,0,1,58.18,Medium Risk
United States,California,Forks Of Salmon,96031,"41.232128, -123.194748",41.232128,-123.194748,Male,No,Yes,No,34,Yes,Yes,Fiber optic,No,No,Yes,No,Yes,Yes,Month-to-month,No,Electronic check,100.85,3527.3,5891,0,1,55.99,Medium Risk
United States,California,Newcastle,95658,"38.883224, -121.15918",38.883224,-121.15918,Female,Yes,No,No,2,No,No phone service,DSL,No,No,Yes,No,No,No,Month-to-month,Yes,Electronic check,30.4,78.65,4002,1,1,53.66,Medium Risk
United States,California,Palermo,95968,"39.435756, -121.552071",39.435756,-121.552071,Male,No,No,No,25,Yes,No,Fiber optic,No,Yes,No,No,Yes,Yes,Month-to-month,Yes,Electronic check,95.9,2448.75,2241,1,1,80.77,High Risk
United States,California,Aromas,95004,"36.878364, -121.629781",36.878364,-121.629781,Female,No,Yes,No,68,Yes,Yes,Fiber optic,No,No,Yes,No,Yes,No,Two year,Yes,Bank transfer (automatic),89.95,5974.3,5672,0,0,18.86,Low Risk
United States,California,Tracy,95376,"37.680968, -121.446049",37.680968,-121.446049,Female,No,Yes,No,71,Yes,Yes,Fiber optic,No,Yes,Yes,No,Yes,Yes,Two year,Yes,Bank transfer (automatic),105.15,7555.0,5707,0,0,17.96,Low Risk
United States,California,Los Angeles,90063,"34.044271, -118.185237",34.044271,-118.185237,Female,No,No,Yes,1,Yes,No,DSL,No,No,Yes,No,No,Yes,Month-to-month,No,Electronic check,59.2,59.2,5020,1,0,24.55,Low Risk
United States,California,Mountain View,94043,"37.419725, -122.062947",37.419725,-122.062947,Male,No,No,No,13,Yes,Yes,Fiber optic,Yes,No,No,No,Yes,Yes,Month-to-month,No,Mailed check,98.15,1230.25,5525,1,1,80.02,High Risk
United States,California,Joshua Tree,92252,"34.167236, -116.281511",34.167236,-116.281511,Male,No,Yes,No,5,Yes,Yes,Fiber optic,Yes,No,Yes,No,No,No,Month-to-month,Yes,Electronic check,84.5,453.75,5141,1,1,79.0,High Risk
United States,California,Carlotta,95528,"40.497283, -123.93037",40.497283,-123.93037,Female,No,No,No,22,Yes,No,No,No internet service,No internet service,No internet service,No internet service,No internet service,No internet service,One year,No,Bank transfer (automatic),20.85,450.65,3171,0,0,4.61,Low Risk
United States,California,San Leandro,94577,"37.717196, -122.159338",37.717196,-122.159338,Female,No,Yes,Yes,10,Yes,Yes,No,No internet service,No internet service,No internet service,No internet service,No internet service,No internet service,Two year,No,Credit card (automatic),26.1,225.55,3179,0,0,1.36,Low Risk
United States,California,Lone Pine,93545,"36.590415, -118.073839",36.590415,-118.073839,Male,Yes,Yes,No,55,Yes,Yes,Fiber optic,No,No,No,No,No,No,Month-to-month,Yes,Electronic check,74.0,4052.4,4958,0,1,56.05,Medium Risk
United States,California,Whittier,90603,"33.945318, -117.992066",33.945318,-117.992066,Female,No,Yes,No,27,Yes,No,No,No internet service,No internet service,No internet service,No internet service,No internet service,No internet service,One year,Yes,Mailed check,20.55,583.3,2269,0,0,12.27,Low Risk
United States,California,Cayucos,93430,"35.511833, -120.918713",35.511833,-120.918713,Female,No,No,No,10,Yes,No,No,No internet service,No internet service,No internet service,No internet service,No internet service,No internet service,Month-to-month,No,Mailed check,18.85,163.2,5949,0,0,16.46,Low Risk
United States,California,Sacramento,95816,"38.574856, -121.46504",38.574856,-121.46504,Male,No,No,No,23,Yes,No,No,No internet service,No internet service,No internet service,No internet service,No internet service,No internet service,Month-to-month,No,Electronic check,20.85,473.9,4263,0,0,21.65,Low Risk
United States,California,Whittier,90601,"34.007353, -118.033683",34.007353,-118.033683,Male,No,Yes,Yes,70,Yes,Yes,DSL,No,Yes,Yes,Yes,Yes,Yes,Two year,Yes,Electronic check,84.1,5979.7,5568,0,0,1.14,Low Risk
United States,California,Newport Beach,92660,"33.634626, -117.874882",33.634626,-117.874882,Female,No,No,Yes,5,Yes,No,DSL,No,No,No,No,No,No,Month-to-month,No,Mailed check,46.0,221.7,4846,1,0,7.67,Low Risk
United States,California,La Mirada,90638,"33.902045, -118.008961",33.902045,-118.008961,Female,No,No,No,24,Yes,No,No,No internet service,No internet service,No internet service,No internet service,No internet service,No internet service,Two year,Yes,Bank transfer (automatic),19.55,470.2,2511,0,0,1.35,Low Risk
United States,California,Angelus Oaks,92305,"34.1678, -116.86433",34.1678,-116.86433,Female,No,No,No,8,Yes,No,No,No internet service,No internet service,No internet service,No internet service,No internet service,No internet service,One year,Yes,Bank transfer (automatic),20.2,140.95,5066,0,0,41.53,Medium Risk
United States,California,Fresno,93710,"36.822715, -119.761826",36.822715,-119.761826,Male,No,Yes,No,19,Yes,Yes,Fiber optic,Yes,Yes,No,Yes,No,No,Month-to-month,Yes,Credit card (automatic),88.8,1672.35,4600,0,1,58.03,Medium Risk
United States,California,Avila Beach,93424,"35.186644, -120.728305",35.186644,-120.728305,Male,Yes,Yes,No,43,Yes,No,Fiber optic,No,Yes,Yes,No,Yes,Yes,One year,Yes,Bank transfer (automatic),100.55,4304.0,4499,0,0,28.44,Low Risk
United States,California,Mi Wuk Village,95346,"38.121601, -120.133915",38.121601,-120.133915,Male,Yes,No,No,67,Yes,Yes,Fiber optic,No,No,Yes,No,Yes,Yes,Month-to-month,Yes,Credit card (automatic),101.4,6841.05,5269,0,1,58.12,Medium Risk
United States,California,San Jacinto,92583,"33.796568, -116.924723",33.796568,-116.924723,Male,No,No,No,4,Yes,No,DSL,No,No,No,No,No,Yes,Month-to-month,Yes,Mailed check,55.3,238.5,3684,0,1,83.26,High Risk
United States,California,Fields Landing,95537,"40.726949, -124.217378",40.726949,-124.217378,Male,No,Yes,No,59,Yes,Yes,Fiber optic,Yes,Yes,Yes,Yes,Yes,Yes,Two year,No,Electronic check,113.75,6561.25,6251,0,0,18.59,Low Risk
United States,California,Bradley,93426,"35.842889, -121.004862",35.842889,-121.004862,Male,No,Yes,No,72,Yes,Yes,No,No internet service,No internet service,No internet service,No internet service,No internet service,No internet service,Two year,No,Mailed check,25.4,1710.9,5512,0,0,10.26,Low Risk
United States,California,Foresthill,95631,"39.031876, -120.811141",39.031876,-120.811141,Male,No,No,Yes,19,Yes,No,No,No internet service,No internet service,No internet service,No internet service,No internet service,No internet service,Month-to-month,Yes,Electronic check,20.0,377.55,5188,0,0,4.13,Low Risk
United States,California,Eldridge,95431,"38.348884, -122.51699",38.348884,-122.51699,Female,No,No,No,1,Yes,No,Fiber optic,No,No,Yes,No,No,No,Month-to-month,No,Bank transfer (automatic),73.5,73.5,4378,1,1,92.66,High Risk
United States,California,Auburn,95602,"38.99003, -121.114408",38.99003,-121.114408,Female,No,Yes,Yes,30,No,No phone service,DSL,No,No,No,Yes,Yes,Yes,Month-to-month,No,Credit card (automatic),51.2,1561.5,4568,1,0,13.21,Low Risk
United States,California,Riverside,92503,"33.890046, -117.455583",33.890046,-117.455583,Female,No,Yes,No,2,Yes,No,Fiber optic,Yes,No,No,No,No,No,Month-to-month,Yes,Electronic check,74.4,139.4,4263,1,1,82.98,High Risk
United States,California,Hydesville,95547,"40.557314, -124.081662",40.557314,-124.081662,Male,No,Yes,No,60,Yes,No,DSL,Yes,Yes,Yes,Yes,No,No,One year,Yes,Bank transfer (automatic),65.85,3928.3,4053,0,0,10.39,Low Risk
United States,California,San Diego,92116,"32.765299, -117.122565",32.765299,-117.122565,Male,No,No,No,44,Yes,Yes,Fiber optic,Yes,Yes,Yes,No,Yes,Yes,Month-to-month,Yes,Electronic check,111.5,4915.15,2827,0,1,78.02,High Risk
United States,California,Visalia,93291,"36.391777, -119.372842",36.391777,-119.372842,Female,No,No,No,1,Yes,No,DSL,No,Yes,No,No,No,No,Month-to-month,Yes,Electronic check,48.6,48.6,3704,0,1,68.19,Medium Risk
United States,California,South Pasadena,91030,"34.110444, -118.156957",34.110444,-118.156957,Male,No,Yes,No,3,No,No phone service,DSL,No,No,No,Yes,No,No,Month-to-month,Yes,Electronic check,29.9,92.25,4416,0,1,91.12,High Risk
United States,California,Fresno,93720,"36.878709, -119.7645",36.878709,-119.7645,Male,Yes,Yes,No,71,Yes,Yes,No,No internet service,No internet service,No internet service,No internet service,No internet service,No internet service,Two year,No,Bank transfer (automatic),24.85,1901.0,4367,0,0,1.23,Low Risk
United States,California,Huntington Beach,92646,"33.666301, -117.969501",33.666301,-117.969501,Female,No,No,No,2,Yes,No,DSL,No,Yes,No,No,No,No,Month-to-month,No,Mailed check,49.2,103.7,2342,0,1,73.23,High Risk
United States,California,Hilmar,95324,"37.394536, -120.890747",37.394536,-120.890747,Female,No,No,No,1,No,No phone service,DSL,No,No,No,No,No,No,One year,No,Mailed check,25.85,25.85,4467,0,0,26.98,Low Risk
United States,California,Garden Grove,92844,"33.766476, -117.969795",33.766476,-117.969795,Female,No,Yes,Yes,72,Yes,Yes,Fiber optic,Yes,Yes,Yes,Yes,Yes,Yes,Two year,Yes,Electronic check,115.5,8425.15,4017,0,0,2.04,Low Risk
United States,California,Salinas,93907,"36.77462, -121.664714",36.77462,-121.664714,Female,No,No,No,6,Yes,No,Fiber optic,No,Yes,No,No,No,Yes,Month-to-month,Yes,Mailed check,85.95,514.6,3291,0,1,64.17,Medium Risk
United States,California,Buellton,93427,"34.631362, -120.238218",34.631362,-120.238218,Female,No,No,No,1,Yes,No,Fiber optic,No,No,Yes,No,Yes,No,Month-to-month,Yes,Credit card (automatic),85.55,85.55,3967,1,1,86.9,High Risk
United States,California,Ladera Ranch,92694,"33.569186, -117.640055",33.569186,-117.640055,Male,Yes,No,No,20,Yes,No,Fiber optic,No,No,No,No,Yes,Yes,Month-to-month,No,Electronic check,89.95,1648.45,4812,0,1,73.87,High Risk
United States,California,Benton,93512,"37.653947, -118.231443",37.653947,-118.231443,Male,No,No,No,1,Yes,No,Fiber optic,No,No,No,No,Yes,Yes,Month-to-month,Yes,Electronic check,88.35,88.35,4254,1,1,83.89,High Risk
United States,California,San Jacinto,92582,"33.806708, -117.02007",33.806708,-117.02007,Male,No,No,No,12,Yes,No,No,No internet service,No internet service,No internet service,No internet service,No internet service,No internet service,Month-to-month,No,Credit card (automatic),20.05,265.45,4996,0,1,62.67,Medium Risk
United States,California,Pacoima,91331,"34.255442, -118.421314",34.255442,-118.421314,Male,No,No,No,9,No,No phone service,DSL,No,No,No,No,No,No,Month-to-month,Yes,Electronic check,24.95,190.25,5473,0,1,83.55,High Risk
United States,California,Los Angeles,90066,"34.002028, -118.430656",34.002028,-118.430656,Female,No,No,No,12,Yes,No,No,No internet service,No internet service,No internet service,No internet service,No internet service,No internet service,Month-to-month,No,Mailed check,20.1,223.6,5179,0,0,30.48,Low Risk
United States,California,Terra Bella,93270,"35.939068, -119.043666",35.939068,-119.043666,Female,No,No,No,1,Yes,No,DSL,No,No,No,Yes,No,No,Month-to-month,Yes,Electronic check,49.9,49.9,4667,0,1,82.26,High Risk
United States,California,Idyllwild,92549,"33.755039, -116.741796",33.755039,-116.741796,Male,No,No,No,17,Yes,No,No,No internet service,No internet service,No internet service,No internet service,No internet service,No internet service,One year,Yes,Bank transfer (automatic),19.65,351.55,4774,0,0,16.37,Low Risk
United States,California,Los Angeles,90033,"34.050198, -118.210946",34.050198,-118.210946,Female,No,No,No,12,Yes,Yes,Fiber optic,No,No,No,Yes,No,No,Month-to-month,Yes,Credit card (automatic),79.55,958.25,3445,0,1,78.9,High Risk
United States,California,Bodfish,93205,"35.523991, -118.400432",35.523991,-118.400432,Male,No,No,No,12,Yes,Yes,Fiber optic,No,Yes,Yes,No,Yes,Yes,Month-to-month,Yes,Electronic check,106.7,1253.9,2406,1,1,94.96,High Risk
United States,California,Los Angeles,90059,"33.927254, -118.249826",33.927254,-118.249826,Female,No,No,No,15,Yes,Yes,DSL,Yes,No,No,No,No,No,Month-to-month,Yes,Mailed check,55.7,899.8,4519,1,1,58.11,Medium Risk
United States,California,San Diego,92111,"32.805518, -117.169052",32.805518,-117.169052,Male,No,Yes,No,71,Yes,Yes,Fiber optic,Yes,Yes,Yes,No,Yes,No,Two year,Yes,Electronic check,99.0,6994.6,5295,0,0,42.56,Medium Risk
United States,California,Anza,92539,"33.527605, -116.666551",33.527605,-116.666551,Female,No,Yes,No,30,Yes,Yes,Fiber optic,No,No,No,No,No,Yes,Month-to-month,Yes,Electronic check,85.0,2624.25,3698,1,1,80.39,High Risk
United States,California,Irvine,92604,"33.688546, -117.788091",33.688546,-117.788091,Male,No,No,Yes,33,Yes,No,No,No internet service,No internet service,No internet service,No internet service,No internet service,No internet service,One year,Yes,Mailed check,20.15,682.15,5759,0,0,0.47,Low Risk
United States,California,Nevada City,95959,"39.333737, -120.858667",39.333737,-120.858667,Female,No,No,No,1,Yes,No,No,No internet service,No internet service,No internet service,No internet service,No internet service,No internet service,Month-to-month,No,Mailed check,19.9,19.9,5057,0,0,47.07,Medium Risk
United States,California,Patterson,95363,"37.410236, -121.320337",37.410236,-121.320337,Female,No,Yes,Yes,62,Yes,Yes,DSL,No,No,No,No,Yes,Yes,Month-to-month,Yes,Credit card (automatic),70.45,4300.45,5057,0,0,6.14,Low Risk
United States,California,Sunnyvale,94086,"37.378541, -122.020456",37.378541,-122.020456,Female,No,Yes,Yes,72,Yes,Yes,Fiber optic,Yes,Yes,Yes,Yes,Yes,Yes,Two year,Yes,Credit card (automatic),116.8,8456.75,6252,0,0,1.83,Low Risk
United States,California,Torrance,90505,"33.807882, -118.347957",33.807882,-118.347957,Female,No,Yes,Yes,30,Yes,No,DSL,Yes,No,No,Yes,No,Yes,Month-to-month,No,Bank transfer (automatic),66.3,1923.5,4631,0,0,7.79,Low Risk
United States,California,Oakland,94605,"37.758019, -122.138678",37.758019,-122.138678,Female,No,No,Yes,3,Yes,No,No,No internet service,No internet service,No internet service,No internet service,No internet service,No internet service,One year,Yes,Credit card (automatic),20.55,57.4,2774,0,0,1.93,Low Risk
United States,California,Squaw Valley,93675,"36.719141, -119.202677",36.719141,-119.202677,Female,No,Yes,Yes,28,Yes,Yes,Fiber optic,No,No,No,Yes,No,Yes,One year,Yes,Electronic check,90.45,2509.25,5823,0,0,27.82,Low Risk
United States,California,Redwood City,94062,"37.410567, -122.297152",37.410567,-122.297152,Male,No,No,No,30,Yes,Yes,Fiber optic,Yes,Yes,No,No,No,Yes,Month-to-month,Yes,Credit card (automatic),94.3,2679.7,4219,0,1,70.83,High Risk
United States,California,Anaheim,92805,"33.830209, -117.906099",33.830209,-117.906099,Female,No,Yes,No,12,Yes,No,No,No internet service,No internet service,No internet service,No internet service,No internet service,No internet service,Month-to-month,No,Mailed check,19.0,233.55,3535,1,0,9.34,Low Risk
United States,California,Three Rivers,93271,"36.413433, -118.854708",36.413433,-118.854708,Male,No,No,No,51,Yes,Yes,No,No internet service,No internet service,No internet service,No internet service,No internet service,No internet service,One year,Yes,Bank transfer (automatic),24.6,1266.4,4886,0,0,1.82,Low Risk
United States,California,Gerber,96035,"40.03194, -122.176023",40.03194,-122.176023,Female,No,No,No,15,No,No phone service,DSL,Yes,Yes,Yes,Yes,No,No,One year,No,Mailed check,45.9,693.45,3572,0,0,16.92,Low Risk
United States,California,Arcadia,91006,"34.137319, -118.029837",34.137319,-118.029837,Male,No,Yes,Yes,72,Yes,Yes,No,No internet service,No internet service,No internet service,No internet service,No internet service,No internet service,Two year,Yes,Credit card (automatic),25.1,1790.8,4185,0,0,0.07,Low Risk
United States,California,Lake Hughes,93532,"34.659579, -118.584212",34.659579,-118.584212,Male,No,No,No,32,Yes,Yes,Fiber optic,Yes,Yes,No,Yes,Yes,Yes,Month-to-month,Yes,Credit card (automatic),108.15,3432.9,2541,1,1,65.9,Medium Risk
United States,California,Cazadero,95421,"38.578807, -123.19338",38.578807,-123.19338,Female,Yes,No,No,6,Yes,No,Fiber optic,Yes,No,No,No,No,No,Month-to-month,Yes,Electronic check,74.1,450.9,4716,0,1,80.3,High Risk
United States,California,Los Angeles,90015,"34.039224, -118.266293",34.039224,-118.266293,Male,No,Yes,No,63,Yes,No,DSL,Yes,Yes,No,Yes,Yes,No,One year,No,Credit card (automatic),70.8,4448.8,5114,0,0,6.82,Low Risk
United States,California,Riverbank,95367,"37.734971, -120.954271",37.734971,-120.954271,Female,Yes,No,No,11,Yes,Yes,Fiber optic,No,No,No,No,Yes,Yes,Month-to-month,Yes,Bank transfer (automatic),95.15,997.65,4074,1,1,91.96,High Risk
United States,California,Santa Cruz,95060,"36.993451, -122.098858",36.993451,-122.098858,Male,No,No,No,19,Yes,No,DSL,No,No,No,Yes,Yes,No,Month-to-month,Yes,Credit card (automatic),61.55,1093.2,5831,0,1,55.47,Medium Risk
United States,California,Willow Creek,95573,"40.949012, -123.655847",40.949012,-123.655847,Male,No,Yes,No,64,Yes,No,DSL,Yes,No,Yes,No,Yes,Yes,One year,Yes,Credit card (automatic),73.05,4688.65,4515,0,0,4.72,Low Risk
United States,California,Bradley,93426,"35.842889, -121.004862",35.842889,-121.004862,Female,No,Yes,Yes,7,Yes,No,DSL,Yes,Yes,Yes,No,Yes,No,One year,No,Electronic check,69.45,477.05,3334,0,0,48.65,Medium Risk
United States,California,Oakland,94619,"37.787186, -122.14633",37.787186,-122.14633,Female,Yes,No,No,4,Yes,No,No,No internet service,No internet service,No internet service,No internet service,No internet service,No internet service,Month-to-month,No,Mailed check,20.05,91.45,3460,0,0,19.1,Low Risk
United States,California,Fortuna,95540,"40.584991, -124.121504",40.584991,-124.121504,Male,No,No,No,7,Yes,No,No,No internet service,No internet service,No internet service,No internet service,No internet service,No internet service,Month-to-month,Yes,Mailed check,19.95,147.5,3331,0,0,35.91,Low Risk
United States,California,Jamul,91935,"32.695681, -116.798386",32.695681,-116.798386,Male,No,No,No,4,Yes,No,Fiber optic,No,No,Yes,Yes,No,Yes,Month-to-month,Yes,Electronic check,90.4,356.65,3314,0,1,92.94,High Risk
United States,California,Novato,94949,"38.067204, -122.524004",38.067204,-122.524004,Female,No,No,No,3,Yes,No,Fiber optic,Yes,No,No,No,No,No,Month-to-month,Yes,Electronic check,74.55,233.65,5125,0,1,72.13,High Risk
United States,California,Macdoel,96058,"41.769709, -121.92063",41.769709,-121.92063,Female,Yes,No,No,65,No,No phone service,DSL,No,Yes,Yes,No,Yes,Yes,Two year,Yes,Bank transfer (automatic),53.5,3517.9,5693,0,0,4.86,Low Risk
United States,California,Lemon Cove,93244,"36.462671, -118.997291",36.462671,-118.997291,Male,No,Yes,Yes,42,Yes,No,DSL,Yes,No,No,Yes,No,Yes,One year,No,Credit card (automatic),63.7,2763.35,3764,0,0,3.28,Low Risk
United States,California,Carmel By The Sea,93921,"36.554618, -121.922239",36.554618,-121.922239,Male,No,No,No,26,Yes,No,DSL,Yes,No,No,Yes,Yes,Yes,One year,No,Bank transfer (automatic),75.0,1908.35,4705,0,0,16.16,Low Risk
United States,California,Garden Grove,92845,"33.782955, -118.026456",33.782955,-118.026456,Female,No,No,No,48,Yes,Yes,No,No internet service,No internet service,No internet service,No internet service,No internet service,No internet service,One year,No,Credit card (automatic),25.05,1171.5,3642,0,0,1.44,Low Risk
United States,California,Wildomar,92595,"33.617108, -117.253349",33.617108,-117.253349,Male,No,Yes,Yes,69,Yes,Yes,Fiber optic,No,No,No,Yes,Yes,Yes,Two year,Yes,Electronic check,99.35,6856.45,4637,0,0,5.1,Low Risk
United States,California,Grass Valley,95945,"39.194539, -120.988066",39.194539,-120.988066,Male,No,Yes,Yes,17,No,No phone service,DSL,Yes,No,Yes,No,Yes,No,One year,No,Credit card (automatic),44.45,792.15,3522,0,0,6.01,Low Risk
United States,California,North Hollywood,91605,"34.207295, -118.400022",34.207295,-118.400022,Female,No,Yes,No,1,Yes,No,No,No internet service,No internet service,No internet service,No internet service,No internet service,No internet service,Month-to-month,Yes,Electronic check,21.0,21.0,3753,1,1,81.7,High Risk
United States,California,Downieville,95936,"39.578792, -120.780786",39.578792,-120.780786,Female,No,No,No,4,Yes,No,Fiber optic,No,Yes,No,No,No,No,Month-to-month,Yes,Bank transfer (automatic),76.65,333.6,4580,1,1,55.87,Medium Risk
United States,California,Dillon Beach,94929,"38.24458, -122.956268",38.24458,-122.956268,Female,Yes,No,No,34,Yes,Yes,Fiber optic,No,Yes,No,Yes,Yes,No,Month-to-month,Yes,Electronic check,96.35,3190.25,5425,0,1,54.75,Medium Risk
United States,California,Brooks,95606,"38.809804, -122.241383",38.809804,-122.241383,Female,No,No,No,2,Yes,No,Fiber optic,No,No,No,No,No,No,Month-to-month,No,Electronic check,70.35,139.25,3430,0,1,80.87,High Risk
United States,California,Fort Jones,96032,"41.5837, -122.935922",41.5837,-122.935922,Female,No,Yes,Yes,1,Yes,No,DSL,No,No,Yes,No,No,No,Month-to-month,No,Mailed check,50.45,50.45,2426,1,0,33.07,Low Risk
United States,California,Keyes,95328,"37.555631, -120.911653",37.555631,-120.911653,Female,No,No,No,12,Yes,No,No,No internet service,No internet service,No internet service,No internet service,No internet service,No internet service,Month-to-month,No,Mailed check,20.3,246.7,4177,0,0,19.18,Low Risk
United States,California,Westmorland,92281,"33.03679, -115.60503",33.03679,-115.60503,Male,No,No,No,38,Yes,No,Fiber optic,No,No,No,No,No,No,Month-to-month,Yes,Credit card (automatic),69.5,2625.25,4591,0,1,56.84,Medium Risk
United States,California,Castella,96017,"41.121108, -122.336613",41.121108,-122.336613,Female,No,Yes,No,31,Yes,Yes,DSL,No,Yes,No,Yes,Yes,Yes,Two year,No,Bank transfer (automatic),80.55,2471.6,3491,0,0,21.93,Low Risk
United States,California,Brawley,92227,"33.03933, -115.191857",33.03933,-115.191857,Female,No,Yes,No,67,Yes,Yes,Fiber optic,Yes,No,Yes,Yes,Yes,Yes,Two year,Yes,Credit card (automatic),108.75,7156.2,5516,1,0,3.73,Low Risk
United States,California,Brentwood,94513,"37.908242, -121.682472",37.908242,-121.682472,Male,No,Yes,Yes,22,Yes,Yes,Fiber optic,No,No,Yes,No,Yes,No,Month-to-month,Yes,Electronic check,88.75,1885.15,5585,0,1,54.07,Medium Risk
United States,California,Redwood City,94061,"37.461251, -122.235414",37.461251,-122.235414,Female,No,Yes,No,63,Yes,Yes,Fiber optic,No,No,No,Yes,No,No,One year,Yes,Credit card (automatic),81.2,4965.1,6063,0,0,26.61,Low Risk
United States,California,Biggs,95917,"39.457388, -121.818201",39.457388,-121.818201,Female,No,No,No,70,Yes,No,DSL,Yes,No,Yes,Yes,Yes,Yes,Two year,No,Bank transfer (automatic),79.6,5589.45,5474,0,0,0.91,Low Risk
United States,California,Santa Rosa,95403,"38.488431, -122.752839",38.488431,-122.752839,Male,No,No,No,1,Yes,No,No,No internet service,No internet service,No internet service,No internet service,No internet service,No internet service,Month-to-month,No,Mailed check,20.45,20.45,2664,0,1,50.58,Medium Risk
United States,California,San Diego,92103,"32.747484, -117.166877",32.747484,-117.166877,Female,No,Yes,No,49,Yes,Yes,Fiber optic,No,Yes,No,No,Yes,Yes,One year,No,Mailed check,100.45,4941.8,4235,1,1,63.54,Medium Risk
United States,California,Murrieta,92562,"33.548869, -117.334165",33.548869,-117.334165,Female,Yes,Yes,No,71,Yes,No,Fiber optic,No,Yes,Yes,No,No,Yes,Two year,No,Credit card (automatic),89.45,6435.25,6004,0,0,5.99,Low Risk
United States,California,San Jose,95130,"37.277592, -121.986477",37.277592,-121.986477,Female,No,Yes,No,23,Yes,No,DSL,Yes,Yes,Yes,Yes,No,No,One year,Yes,Mailed check,66.25,1533.8,2072,0,0,16.8,Low Risk
United States,California,Van Nuys,91405,"34.202494, -118.448048",34.202494,-118.448048,Male,No,Yes,Yes,72,Yes,Yes,DSL,Yes,Yes,Yes,Yes,Yes,Yes,Two year,Yes,Credit card (automatic),90.8,6397.6,5028,0,0,0.2,Low Risk
United States,California,Santa Cruz,95065,"37.031404, -121.981865",37.031404,-121.981865,Female,No,Yes,Yes,72,Yes,Yes,DSL,Yes,No,Yes,No,Yes,No,Two year,Yes,Bank transfer (automatic),71.45,5025.85,5656,0,0,1.34,Low Risk
United States,California,Tomales,94971,"38.240769, -122.901041",38.240769,-122.901041,Female,No,No,No,2,Yes,No,Fiber optic,No,No,No,No,No,No,Month-to-month,No,Bank transfer (automatic),69.75,144.55,5667,1,1,69.86,Medium Risk
United States,California,Los Angeles,90031,"34.085807, -118.206617",34.085807,-118.206617,Female,No,No,No,42,Yes,No,DSL,Yes,Yes,Yes,No,No,No,Month-to-month,No,Bank transfer (automatic),59.65,2536.55,3048,0,0,18.6,Low Risk
United States,California,San Francisco,94134,"37.721052, -122.413573",37.721052,-122.413573,Female,No,Yes,Yes,47,Yes,No,No,No internet service,No internet service,No internet service,No internet service,No internet service,No internet service,Two year,No,Mailed check,19.75,948.9,3843,0,0,0.24,Low Risk
United States,California,Greenville,95947,"40.160386, -120.835428",40.160386,-120.835428,Male,No,No,Yes,29,Yes,No,No,No internet service,No internet service,No internet service,No internet service,No internet service,No internet service,One year,No,Mailed check,19.85,535.05,2941,0,0,0.54,Low Risk
United States,California,Fulton,95439,"38.493888, -122.777141",38.493888,-122.777141,Female,No,Yes,Yes,72,No,No phone service,DSL,Yes,Yes,Yes,Yes,Yes,Yes,Two year,Yes,Bank transfer (automatic),63.8,4684.3,6107,0,0,1.55,Low Risk
United States,California,Madera,93638,"37.004068, -119.930027",37.004068,-119.930027,Male,No,No,No,1,Yes,No,Fiber optic,No,No,No,No,No,No,Month-to-month,Yes,Electronic check,69.55,69.55,3042,1,1,96.46,High Risk
United States,California,Lemoore,93245,"36.303666, -119.825657",36.303666,-119.825657,Male,No,No,No,40,Yes,No,DSL,No,No,No,Yes,No,No,Month-to-month,Yes,Electronic check,51.1,2092.9,3355,0,1,81.4,High Risk
United States,California,Wheatland,95692,"39.043387, -121.409837",39.043387,-121.409837,Male,No,No,No,1,Yes,Yes,DSL,No,No,Yes,Yes,No,No,Month-to-month,No,Mailed check,62.05,62.05,2937,1,1,50.73,Medium Risk
United States,California,Paramount,90723,"33.897122, -118.164432",33.897122,-118.164432,Female,Yes,No,No,1,Yes,No,Fiber optic,No,No,Yes,No,No,Yes,Month-to-month,Yes,Electronic check,85.0,85.0,2650,1,1,84.41,High Risk
United States,California,Poway,92064,"32.984395, -117.013454",32.984395,-117.013454,Male,No,Yes,No,70,Yes,Yes,Fiber optic,No,Yes,No,No,Yes,Yes,Two year,No,Bank transfer (automatic),98.3,6859.5,4794,1,0,11.95,Low Risk
United States,California,Santee,92071,"32.847336, -116.997605",32.847336,-116.997605,Male,No,No,No,49,Yes,No,No,No internet service,No internet service,No internet service,No internet service,No internet service,No internet service,Two year,Yes,Credit card (automatic),19.9,1022.6,5240,0,0,4.37,Low Risk
United States,California,Magalia,95954,"39.933852, -121.584371",39.933852,-121.584371,Male,No,No,No,17,Yes,No,Fiber optic,No,No,Yes,No,No,No,Month-to-month,Yes,Electronic check,76.65,1313.55,3182,1,1,69.38,Medium Risk
United States,California,San Jose,95122,"37.32886, -121.834567",37.32886,-121.834567,Male,No,No,No,33,Yes,No,DSL,No,Yes,Yes,No,Yes,No,Month-to-month,Yes,Credit card (automatic),66.4,2245.4,3843,0,0,49.76,Medium Risk
United States,California,Los Gatos,95030,"37.222842, -121.988727",37.222842,-121.988727,Male,Yes,Yes,No,17,Yes,Yes,Fiber optic,No,No,Yes,No,Yes,Yes,Month-to-month,Yes,Credit card (automatic),100.45,1622.45,5508,1,1,87.96,High Risk
United States,California,Stockton,95206,"37.902422, -121.440029",37.902422,-121.440029,Male,No,Yes,Yes,21,Yes,Yes,DSL,Yes,No,No,No,Yes,Yes,One year,Yes,Bank transfer (automatic),75.9,1549.75,3503,0,0,8.76,Low Risk
United States,California,Costa Mesa,92626,"33.678591, -117.905471",33.678591,-117.905471,Female,No,No,No,35,Yes,Yes,DSL,Yes,No,Yes,Yes,Yes,Yes,One year,Yes,Credit card (automatic),85.95,3110.1,3833,1,0,27.81,Low Risk
United States,California,Yucca Valley,92284,"34.159534, -116.425984",34.159534,-116.425984,Female,No,No,No,12,No,No phone service,DSL,No,Yes,Yes,Yes,Yes,Yes,One year,No,Electronic check,60.65,743.3,3740,0,0,29.19,Low Risk
United States,California,Benicia,94510,"38.113533, -122.11926",38.113533,-122.11926,Female,No,Yes,No,9,Yes,No,DSL,No,Yes,No,No,No,No,Month-to-month,No,Mailed check,50.85,466.6,4623,0,0,29.77,Low Risk
United States,California,Spreckels,93962,"36.624641, -121.647195",36.624641,-121.647195,Female,No,Yes,Yes,72,Yes,Yes,No,No internet service,No internet service,No internet service,No internet service,No internet service,No internet service,Two year,No,Bank transfer (automatic),24.45,1709.1,5335,0,0,0.18,Low Risk
United States,California,Los Angeles,90018,"34.028735, -118.317236",34.028735,-118.317236,Male,Yes,Yes,No,18,Yes,No,DSL,Yes,No,No,No,No,Yes,Month-to-month,Yes,Credit card (automatic),59.1,1011.05,2422,0,0,47.98,Medium Risk
United States,California,Murrieta,92562,"33.548869, -117.334165",33.548869,-117.334165,Female,No,Yes,No,58,Yes,Yes,Fiber optic,Yes,Yes,No,Yes,Yes,Yes,Two year,Yes,Credit card (automatic),109.1,6393.65,4935,0,0,12.95,Low Risk
United States,California,San Francisco,94132,"37.722302, -122.491129",37.722302,-122.491129,Female,Yes,No,Yes,30,Yes,Yes,Fiber optic,No,No,No,Yes,Yes,Yes,Month-to-month,Yes,Electronic check,101.3,2974.5,2440,0,0,47.45,Medium Risk
United States,California,Westport,95488,"39.724433, -123.767578",39.724433,-123.767578,Male,No,Yes,Yes,56,Yes,Yes,Fiber optic,Yes,Yes,Yes,Yes,Yes,Yes,Two year,No,Mailed check,115.85,6567.9,4937,0,0,4.02,Low Risk
United States,California,Stockton,95212,"38.049457, -121.21653",38.049457,-121.21653,Male,No,No,No,10,Yes,No,Fiber optic,No,No,Yes,No,Yes,Yes,Month-to-month,Yes,Electronic check,94.9,1048.85,2832,1,1,92.35,High Risk
United States,California,Northridge,91325,"34.236683, -118.517588",34.236683,-118.517588,Female,No,Yes,No,2,No,No phone service,DSL,No,No,No,No,No,Yes,Month-to-month,Yes,Electronic check,35.1,68.75,2643,1,1,78.55,High Risk
United States,California,Palmdale,93550,"34.536232, -118.082935",34.536232,-118.082935,Female,No,Yes,Yes,18,Yes,Yes,No,No internet service,No internet service,No internet service,No internet service,No internet service,No internet service,Two year,Yes,Credit card (automatic),24.65,471.35,5231,0,0,7.64,Low Risk
United States,California,Bakersfield,93309,"35.342891, -119.064803",35.342891,-119.064803,Female,No,Yes,Yes,51,No,No phone service,DSL,No,No,Yes,Yes,Yes,Yes,One year,Yes,Electronic check,56.15,2898.95,4132,0,0,2.09,Low Risk
United States,California,Death Valley,92328,"36.27688, -117.033326",36.27688,-117.033326,Male,No,Yes,No,60,Yes,Yes,Fiber optic,Yes,No,Yes,Yes,Yes,Yes,Month-to-month,Yes,Bank transfer (automatic),109.45,6572.85,4350,0,0,41.17,Medium Risk
United States,California,Topaz,96133,"38.636052, -119.489162",38.636052,-119.489162,Female,No,Yes,Yes,24,Yes,No,DSL,Yes,No,No,Yes,No,No,Month-to-month,No,Electronic check,55.15,1319.85,2200,0,0,6.84,Low Risk
United States,California,Los Molinos,96055,"40.059385, -122.091481",40.059385,-122.091481,Male,No,Yes,No,70,Yes,Yes,Fiber optic,Yes,Yes,Yes,Yes,Yes,Yes,One year,No,Credit card (automatic),115.65,7968.85,5563,1,0,5.35,Low Risk
United States,California,Blue Lake,95525,"40.94338, -123.831799",40.94338,-123.831799,Male,No,No,No,12,Yes,No,DSL,No,Yes,No,Yes,No,No,Month-to-month,Yes,Mailed check,53.75,648.65,5385,0,1,57.66,Medium Risk
United States,California,San Jose,95126,"37.327069, -121.916819",37.327069,-121.916819,Male,No,Yes,No,25,Yes,No,DSL,Yes,Yes,Yes,No,No,No,One year,Yes,Bank transfer (automatic),61.6,1611.0,3807,0,0,38.99,Low Risk
United States,California,Madera,93638,"37.004068, -119.930027",37.004068,-119.930027,Male,No,No,No,36,Yes,No,No,No internet service,No internet service,No internet service,No internet service,No internet service,No internet service,One year,Yes,Credit card (automatic),20.35,695.85,3526,0,0,22.11,Low Risk
United States,California,Lemoore,93245,"36.303666, -119.825657",36.303666,-119.825657,Male,No,Yes,Yes,11,Yes,No,Fiber optic,No,No,No,No,Yes,Yes,Month-to-month,No,Electronic check,90.6,1020.2,2004,0,1,92.12,High Risk
United States,California,Oakland,94611,"37.828416, -122.216005",37.828416,-122.216005,Male,No,Yes,No,7,Yes,No,Fiber optic,No,Yes,No,Yes,Yes,No,Month-to-month,Yes,Electronic check,89.75,608.8,3807,1,1,84.84,High Risk
United States,California,Sheep Ranch,95250,"38.244806, -120.417301",38.244806,-120.417301,Female,Yes,Yes,No,26,Yes,Yes,Fiber optic,No,No,Yes,No,Yes,Yes,Month-to-month,Yes,Bank transfer (automatic),98.1,2510.7,3114,0,1,84.51,High Risk
United States,California,Olancha,93549,"36.296851, -117.865469",36.296851,-117.865469,Male,No,No,No,41,Yes,No,Fiber optic,No,No,No,Yes,No,No,Month-to-month,Yes,Electronic check,74.25,3089.1,3277,0,0,41.23,Medium Risk
United States,California,Fresno,93726,"36.793601, -119.761131",36.793601,-119.761131,Female,Yes,No,No,57,No,No phone service,DSL,No,Yes,Yes,No,Yes,Yes,Month-to-month,Yes,Electronic check,55.0,3094.05,4622,0,0,44.39,Medium Risk
United States,California,Novato,94949,"38.067204, -122.524004",38.067204,-122.524004,Female,No,Yes,No,28,Yes,No,Fiber optic,No,No,No,No,Yes,Yes,One year,Yes,Bank transfer (automatic),90.1,2598.95,5958,1,1,51.18,Medium Risk
United States,California,San Jose,95122,"37.32886, -121.834567",37.32886,-121.834567,Female,No,No,No,10,Yes,No,DSL,No,Yes,No,Yes,No,Yes,One year,No,Mailed check,64.9,685.55,4883,0,0,36.24,Low Risk
United States,California,Harbor City,90710,"33.798266, -118.300237",33.798266,-118.300237,Female,No,No,No,41,Yes,Yes,DSL,No,Yes,No,No,No,No,One year,Yes,Credit card (automatic),56.3,2364.0,2994,0,0,17.58,Low Risk
United States,California,Spring Valley,91978,"32.730264, -116.950963",32.730264,-116.950963,Female,No,No,No,22,Yes,No,Fiber optic,Yes,No,No,Yes,No,Yes,Month-to-month,Yes,Electronic check,89.05,1886.25,5479,0,1,61.5,Medium Risk
United States,California,Pearblossom,93553,"34.445239, -117.894868",34.445239,-117.894868,Female,No,No,No,57,Yes,Yes,Fiber optic,Yes,Yes,Yes,No,Yes,Yes,Two year,Yes,Bank transfer (automatic),112.95,6465.0,4738,1,0,38.88,Low Risk
United States,California,Winton,95388,"37.421299, -120.599587",37.421299,-120.599587,Male,No,No,No,13,Yes,No,No,No internet service,No internet service,No internet service,No internet service,No internet service,No internet service,One year,No,Mailed check,19.45,270.2,3799,0,0,19.15,Low Risk
United States,California,Venice,90291,"33.991782, -118.479229",33.991782,-118.479229,Female,No,Yes,Yes,61,Yes,Yes,Fiber optic,Yes,Yes,Yes,No,No,Yes,One year,Yes,Credit card (automatic),100.7,6018.65,4804,0,0,9.63,Low Risk
United States,California,Kenwood,95452,"38.419525, -122.521585",38.419525,-122.521585,Female,No,Yes,Yes,1,Yes,No,No,No internet service,No internet service,No internet service,No internet service,No internet service,No internet service,Month-to-month,No,Mailed check,20.05,20.05,5811,0,0,6.71,Low Risk
United States,California,San Juan Capistrano,92675,"33.521447, -117.602555",33.521447,-117.602555,Female,No,Yes,Yes,18,Yes,No,No,No internet service,No internet service,No internet service,No internet service,No internet service,No internet service,Two year,No,Mailed check,19.35,309.25,2269,0,0,0.29,Low Risk
United States,California,Greenfield,93927,"36.248708, -121.386617",36.248708,-121.386617,Male,No,No,No,6,Yes,Yes,Fiber optic,No,No,No,Yes,No,Yes,Month-to-month,Yes,Bank transfer (automatic),87.95,522.35,2684,0,1,94.24,High Risk
United States,California,Lakehead,96051,"40.883853, -122.418258",40.883853,-122.418258,Female,No,No,No,7,Yes,No,DSL,No,No,No,Yes,Yes,No,Month-to-month,Yes,Mailed check,59.5,415.95,4661,1,1,53.13,Medium Risk
United States,California,Newport Beach,92663,"33.62251, -117.927024",33.62251,-117.927024,Female,No,Yes,Yes,9,Yes,Yes,DSL,No,Yes,No,No,No,No,Month-to-month,Yes,Mailed check,55.3,501.2,4291,0,0,15.91,Low Risk
United States,California,Mather,95655,"38.549822, -121.266725",38.549822,-121.266725,Male,Yes,Yes,Yes,1,Yes,No,DSL,No,No,No,Yes,No,No,Month-to-month,Yes,Credit card (automatic),49.25,49.25,4478,1,1,52.84,Medium Risk
United States,California,Valencia,91355,"34.43987, -118.644609",34.43987,-118.644609,Male,No,No,No,9,Yes,No,Fiber optic,No,No,No,No,No,Yes,Month-to-month,Yes,Electronic check,80.8,713.1,3890,1,1,75.81,High Risk
United States,California,Los Angeles,90058,"34.001617, -118.222274",34.001617,-118.222274,Female,No,Yes,No,49,Yes,No,No,No internet service,No internet service,No internet service,No internet service,No internet service,No internet service,One year,No,Bank transfer (automatic),20.45,900.9,6061,0,0,9.63,Low Risk
United States,California,Los Angeles,90061,"33.92128, -118.274186",33.92128,-118.274186,Female,No,No,Yes,15,Yes,No,Fiber optic,Yes,Yes,No,No,Yes,Yes,Month-to-month,Yes,Credit card (automatic),99.1,1426.4,2966,1,0,29.79,Low Risk
United States,California,Palm Springs,92262,"33.839989, -116.659215",33.839989,-116.659215,Female,No,Yes,No,30,Yes,No,No,No internet service,No internet service,No internet service,No internet service,No internet service,No internet service,One year,No,Bank transfer (automatic),19.55,608.5,5203,0,0,6.25,Low Risk
United States,California,Fowler,93625,"36.625792, -119.672483",36.625792,-119.672483,Female,Yes,Yes,No,70,Yes,Yes,Fiber optic,No,No,No,No,No,No,Two year,Yes,Credit card (automatic),75.65,5411.4,4181,0,0,13.73,Low Risk
United States,California,Los Angeles,90016,"34.028331, -118.354338",34.028331,-118.354338,Male,No,No,No,25,Yes,No,Fiber optic,Yes,No,Yes,Yes,Yes,Yes,Month-to-month,Yes,Electronic check,105.5,2686.05,5822,0,1,80.93,High Risk
United States,California,Atherton,94027,"37.454924, -122.203168",37.454924,-122.203168,Female,No,Yes,No,49,No,No phone service,DSL,Yes,No,No,Yes,No,No,One year,Yes,Credit card (automatic),35.8,1782.0,4865,0,0,47.86,Medium Risk
United States,California,Avery,95224,"38.208336, -120.339938",38.208336,-120.339938,Male,No,No,No,18,No,No phone service,DSL,No,No,No,No,No,No,Month-to-month,No,Mailed check,25.15,476.8,2675,0,1,65.23,Medium Risk
United States,California,Dixon,95620,"38.392821, -121.799917",38.392821,-121.799917,Female,No,No,No,25,Yes,No,No,No internet service,No internet service,No internet service,No internet service,No internet service,No internet service,Month-to-month,Yes,Credit card (automatic),19.2,532.1,2159,0,0,15.19,Low Risk
United States,California,Camino,95709,"38.748316, -120.675512",38.748316,-120.675512,Male,No,No,Yes,23,No,No phone service,DSL,Yes,No,Yes,Yes,No,No,Two year,No,Mailed check,40.1,857.75,2327,0,0,1.99,Low Risk
United States,California,Riverside,92504,"33.9108, -117.398153",33.9108,-117.398153,Male,No,Yes,Yes,67,Yes,No,Fiber optic,No,Yes,Yes,Yes,Yes,Yes,Two year,No,Bank transfer (automatic),103.15,6895.5,4376,0,0,0.81,Low Risk
United States,California,Brentwood,94513,"37.908242, -121.682472",37.908242,-121.682472,Male,No,Yes,Yes,35,Yes,No,No,No internet service,No internet service,No internet service,No internet service,No internet service,No internet service,Two year,No,Bank transfer (automatic),20.5,759.35,2009,0,0,0.61,Low Risk
United States,California,Callahan,96014,"41.388397, -122.794636",41.388397,-122.794636,Male,No,No,No,1,Yes,No,DSL,No,No,No,No,No,No,Month-to-month,Yes,Mailed check,45.85,45.85,5930,1,1,66.41,Medium Risk
United States,California,Los Angeles,90044,"33.952714, -118.292061",33.952714,-118.292061,Male,No,Yes,No,72,Yes,Yes,Fiber optic,Yes,Yes,Yes,Yes,Yes,Yes,Two year,No,Credit card (automatic),114.45,8375.05,6274,0,0,11.98,Low Risk
United States,California,Los Altos,94022,"37.349546, -122.134356",37.349546,-122.134356,Female,No,No,No,1,Yes,No,No,No internet service,No internet service,No internet service,No internet service,No internet service,No internet service,Month-to-month,No,Electronic check,20.7,20.7,3061,0,0,23.82,Low Risk
United States,California,Olympic Valley,96146,"39.191797, -120.212401",39.191797,-120.212401,Male,Yes,Yes,Yes,60,Yes,Yes,Fiber optic,Yes,No,No,No,No,No,Month-to-month,Yes,Electronic check,80.95,4859.1,6214,0,0,5.7,Low Risk
United States,California,San Rafael,94903,"38.018065, -122.546024",38.018065,-122.546024,Female,No,No,No,7,Yes,No,DSL,Yes,No,No,No,No,Yes,One year,Yes,Electronic check,59.1,369.25,4770,0,1,68.1,Medium Risk
United States,California,Point Arena,95468,"38.911299, -123.609588",38.911299,-123.609588,Male,No,No,No,64,Yes,No,No,No internet service,No internet service,No internet service,No internet service,No internet service,No internet service,Two year,No,Mailed check,19.55,1240.15,6036,0,0,2.59,Low Risk
United States,California,Stockton,95204,"37.974498, -121.319568",37.974498,-121.319568,Female,No,No,No,15,Yes,No,DSL,No,Yes,No,No,No,No,Month-to-month,No,Electronic check,48.85,736.8,5584,0,1,57.73,Medium Risk
United States,California,Huron,93234,"36.217864, -120.080117",36.217864,-120.080117,Male,No,Yes,No,2,Yes,No,No,No internet service,No internet service,No internet service,No internet service,No internet service,No internet service,One year,No,Mailed check,19.85,35.9,2362,1,0,26.45,Low Risk
United States,California,Millbrae,94030,"37.601248, -122.403099",37.601248,-122.403099,Female,No,No,No,13,Yes,Yes,DSL,Yes,No,Yes,No,Yes,Yes,Month-to-month,Yes,Electronic check,78.75,995.35,5631,0,1,69.1,Medium Risk
United States,California,Carnelian Bay,96140,"39.227434, -120.091806",39.227434,-120.091806,Male,No,No,No,26,Yes,Yes,Fiber optic,No,No,Yes,No,Yes,Yes,Month-to-month,Yes,Electronic check,98.35,2515.3,4997,1,1,75.3,High Risk
United States,California,Los Alamitos,90720,"33.79499, -118.065591",33.79499,-118.065591,Female,No,Yes,No,52,No,No phone service,DSL,Yes,No,Yes,No,No,No,One year,No,Mailed check,35.45,1958.95,5509,0,0,6.1,Low Risk
United States,California,Ivanhoe,93235,"36.385818, -119.224243",36.385818,-119.224243,Male,No,No,No,1,Yes,No,No,No internet service,No internet service,No internet service,No internet service,No internet service,No internet service,Month-to-month,Yes,Bank transfer (automatic),20.2,20.2,5394,1,0,34.74,Low Risk
United States,California,Grimes,95950,"39.033058, -121.895718",39.033058,-121.895718,Female,Yes,No,No,15,Yes,Yes,Fiber optic,No,Yes,No,No,No,Yes,Month-to-month,No,Electronic check,89.85,1424.95,2668,1,1,84.57,High Risk
United States,California,Davis,95618,"38.544002, -121.685559",38.544002,-121.685559,Female,No,No,No,2,Yes,Yes,Fiber optic,No,No,No,No,No,No,Month-to-month,No,Credit card (automatic),74.9,147.15,2078,1,1,84.58,High Risk
United States,California,Castella,96017,"41.121108, -122.336613",41.121108,-122.336613,Female,No,Yes,No,31,Yes,Yes,Fiber optic,No,Yes,No,No,No,Yes,Month-to-month,Yes,Electronic check,91.15,2995.45,5219,1,1,87.24,High Risk
United States,California,Big Bear Lake,92315,"34.242058, -116.89802",34.242058,-116.89802,Male,No,No,No,26,Yes,No,Fiber optic,No,Yes,No,No,No,No,One year,No,Bank transfer (automatic),75.5,2018.1,5184,0,0,21.28,Low Risk
United States,California,Los Angeles,90008,"34.008293, -118.346766",34.008293,-118.346766,Female,No,No,No,10,No,No phone service,DSL,Yes,No,No,No,No,No,Month-to-month,No,Mailed check,29.75,301.9,2013,0,0,45.8,Medium Risk
United States,California,Ahwahnee,93601,"37.375816, -119.739935",37.375816,-119.739935,Male,No,No,No,1,Yes,No,No,No internet service,No internet service,No internet service,No internet service,No internet service,No internet service,Month-to-month,No,Mailed check,20.05,20.05,2067,0,0,40.11,Medium Risk
United States,California,Malibu,90263,"34.037037, -118.705803",34.037037,-118.705803,Female,Yes,No,No,2,Yes,No,Fiber optic,No,No,No,No,No,Yes,Month-to-month,Yes,Electronic check,79.6,195.05,4322,1,1,83.28,High Risk
United States,California,San Bernardino,92405,"34.142747, -117.300864",34.142747,-117.300864,Male,No,No,No,2,Yes,No,No,No internet service,No internet service,No internet service,No internet service,No internet service,No internet service,One year,No,Credit card (automatic),19.3,28.3,2279,1,0,18.08,Low Risk
United States,California,Alpaugh,93201,"35.869626, -119.498771",35.869626,-119.498771,Female,No,Yes,No,13,No,No phone service,DSL,No,No,Yes,No,Yes,Yes,Month-to-month,Yes,Bank transfer (automatic),48.75,633.4,2655,1,1,90.13,High Risk
United States,California,Glendale,91205,"34.13658, -118.245839",34.13658,-118.245839,Male,No,Yes,No,33,Yes,No,DSL,Yes,No,Yes,No,Yes,Yes,One year,No,Credit card (automatic),74.75,2453.3,5344,0,0,23.96,Low Risk
United States,California,Santa Barbara,93103,"34.438581, -119.685368",34.438581,-119.685368,Female,Yes,No,No,46,Yes,No,Fiber optic,No,Yes,Yes,No,Yes,No,One year,Yes,Bank transfer (automatic),91.3,4126.35,3191,0,1,53.34,Medium Risk
United States,California,San Pablo,94806,"37.980269, -122.342635",37.980269,-122.342635,Female,No,No,No,13,No,No phone service,DSL,No,No,Yes,No,Yes,Yes,Month-to-month,No,Electronic check,49.15,649.4,3000,0,1,74.14,High Risk
United States,California,Red Bluff,96080,"40.186772, -122.388361",40.186772,-122.388361,Female,Yes,No,No,37,Yes,Yes,Fiber optic,Yes,Yes,No,No,Yes,Yes,Month-to-month,Yes,Bank transfer (automatic),106.75,4056.75,5849,1,1,67.41,Medium Risk
United States,California,Cotati,94931,"38.326215, -122.718742",38.326215,-122.718742,Female,No,Yes,Yes,61,Yes,No,No,No internet service,No internet service,No internet service,No internet service,No internet service,No internet service,One year,No,Credit card (automatic),19.1,1143.8,4376,0,0,1.05,Low Risk
United States,California,Lancaster,93534,"34.727529, -118.153098",34.727529,-118.153098,Male,No,No,No,1,Yes,No,No,No internet service,No internet service,No internet service,No internet service,No internet service,No internet service,Month-to-month,No,Mailed check,20.8,20.8,3678,0,1,66.02,Medium Risk
United States,California,Esparto,95627,"38.834469, -122.127193",38.834469,-122.127193,Female,No,Yes,Yes,9,Yes,No,Fiber optic,No,No,No,Yes,No,No,Month-to-month,Yes,Electronic check,75.85,647.5,4843,0,0,36.12,Low Risk
United States,California,Creston,93432,"35.480896, -120.469476",35.480896,-120.469476,Male,No,No,No,3,Yes,No,Fiber optic,No,No,No,No,No,No,Month-to-month,Yes,Mailed check,69.6,207.4,5487,0,1,65.08,Medium Risk
United States,California,La Canada Flintridge,91011,"34.234912, -118.153729",34.234912,-118.153729,Male,No,Yes,No,69,Yes,No,No,No internet service,No internet service,No internet service,No internet service,No internet service,No internet service,Two year,No,Mailed check,19.9,1363.45,5570,0,0,0.53,Low Risk
United States,California,Alameda,94502,"37.724817, -122.224363",37.724817,-122.224363,Female,No,Yes,Yes,62,Yes,No,No,No internet service,No internet service,No internet service,No internet service,No internet service,No internet service,Two year,No,Bank transfer (automatic),20.3,1296.15,4574,0,0,0.13,Low Risk
United States,California,Joshua Tree,92252,"34.167236, -116.281511",34.167236,-116.281511,Male,No,No,No,20,Yes,No,No,No internet service,No internet service,No internet service,No internet service,No internet service,No internet service,Two year,Yes,Mailed check,19.7,419.4,2120,0,0,4.77,Low Risk
United States,California,Sun Valley,91352,"34.231053, -118.338307",34.231053,-118.338307,Male,No,No,No,61,Yes,Yes,Fiber optic,Yes,No,Yes,No,Yes,Yes,One year,No,Electronic check,104.0,6363.45,4344,0,0,37.8,Low Risk
United States,California,Stockton,95219,"38.029729, -121.387999",38.029729,-121.387999,Female,No,No,No,4,Yes,Yes,No,No internet service,No internet service,No internet service,No internet service,No internet service,No internet service,One year,No,Electronic check,23.9,97.5,5685,0,0,30.22,Low Risk
United States,California,Farmersville,93223,"36.29878, -119.201028",36.29878,-119.201028,Male,No,Yes,No,63,Yes,Yes,Fiber optic,No,No,Yes,No,Yes,Yes,Two year,No,Electronic check,102.6,6296.75,4004,0,0,38.32,Low Risk
United States,California,Moraga,94556,"37.827946, -122.107185",37.827946,-122.107185,Male,No,No,No,50,No,No phone service,DSL,Yes,Yes,No,No,No,No,Month-to-month,Yes,Mailed check,35.0,1782.4,5629,0,0,22.71,Low Risk
United States,California,Vernalis,95385,"37.609095, -121.263381",37.609095,-121.263381,Male,No,No,No,1,Yes,No,Fiber optic,No,No,No,No,No,Yes,Month-to-month,No,Electronic check,80.5,80.5,2734,1,1,87.05,High Risk
United States,California,Wishon,93669,"37.287758, -119.548156",37.287758,-119.548156,Female,No,Yes,No,70,Yes,No,DSL,Yes,Yes,Yes,Yes,No,Yes,One year,No,Credit card (automatic),74.1,5222.3,6325,0,0,1.08,Low Risk
United States,California,Kingsburg,93631,"36.478239, -119.52137",36.478239,-119.52137,Female,No,Yes,No,72,Yes,Yes,DSL,No,No,Yes,No,Yes,Yes,Two year,Yes,Bank transfer (automatic),76.8,5468.45,5120,0,0,12.63,Low Risk
United States,California,Parlier,93648,"36.622237, -119.521126",36.622237,-119.521126,Female,No,No,No,35,Yes,No,DSL,Yes,Yes,Yes,No,No,No,Month-to-month,No,Electronic check,60.55,1982.6,3463,0,0,18.52,Low Risk
United States,California,Dorris,96023,"41.949216, -122.050062",41.949216,-122.050062,Male,No,No,No,12,Yes,Yes,DSL,Yes,Yes,No,Yes,No,No,Month-to-month,Yes,Electronic check,67.25,832.3,4334,0,0,46.79,Medium Risk
United States,California,Valley Springs,95252,"38.156971, -120.849231",38.156971,-120.849231,Female,No,Yes,No,56,Yes,Yes,Fiber optic,Yes,Yes,Yes,No,Yes,Yes,One year,No,Bank transfer (automatic),109.8,6109.65,5648,0,0,26.21,Low Risk
United States,California,San Gabriel,91775,"34.114772, -118.089431",34.114772,-118.089431,Male,No,No,Yes,12,Yes,Yes,Fiber optic,No,No,No,No,No,No,Month-to-month,Yes,Credit card (automatic),73.75,871.4,2010,1,0,27.02,Low Risk
United States,California,Fort Irwin,92310,"35.349241, -116.770281",35.349241,-116.770281,Female,No,No,No,36,Yes,Yes,DSL,No,No,Yes,No,No,No,One year,No,Electronic check,55.8,1941.5,4770,0,0,11.76,Low Risk
United States,California,San Gabriel,91776,"34.089927, -118.095645",34.089927,-118.095645,Female,No,Yes,No,40,Yes,Yes,Fiber optic,Yes,No,Yes,No,Yes,Yes,One year,No,Bank transfer (automatic),105.75,4228.55,4078,0,0,18.88,Low Risk
United States,California,Concord,94520,"38.013825, -122.039144",38.013825,-122.039144,Female,No,No,No,3,Yes,No,No,No internet service,No internet service,No internet service,No internet service,No internet service,No internet service,Month-to-month,Yes,Mailed check,19.6,59.75,5000,1,1,52.04,Medium Risk
United States,California,Strathmore,93267,"36.141319, -119.129075",36.141319,-119.129075,Female,Yes,No,No,40,Yes,Yes,Fiber optic,No,No,Yes,Yes,Yes,Yes,One year,Yes,Credit card (automatic),103.75,4188.4,3568,0,0,37.0,Low Risk
United States,California,Raisin City,93652,"36.594542, -119.905245",36.594542,-119.905245,Male,No,Yes,No,67,Yes,Yes,DSL,Yes,Yes,Yes,Yes,No,No,Two year,No,Credit card (automatic),70.9,4677.1,4361,0,0,0.45,Low Risk
United States,California,Lockeford,95237,"38.166791, -121.14207",38.166791,-121.14207,Female,No,No,No,67,Yes,No,DSL,Yes,No,Yes,Yes,No,Yes,One year,Yes,Bank transfer (automatic),72.35,4991.5,4910,0,0,3.2,Low Risk
United States,California,San Bernardino,92407,"34.250069, -117.393949",34.250069,-117.393949,Female,No,No,No,7,Yes,No,DSL,No,No,No,No,Yes,Yes,Month-to-month,Yes,Electronic check,66.85,458.1,4858,0,1,75.56,High Risk
United States,California,Fortuna,95540,"40.584991, -124.121504",40.584991,-124.121504,Male,No,No,No,3,Yes,No,Fiber optic,No,Yes,Yes,No,No,Yes,Month-to-month,No,Electronic check,90.4,268.45,5625,0,1,80.04,High Risk
United States,California,Riverside,92505,"33.920907, -117.489426",33.920907,-117.489426,Male,No,No,No,42,Yes,Yes,Fiber optic,No,No,No,Yes,Yes,Yes,Month-to-month,Yes,Electronic check,100.3,4222.95,3286,0,1,67.16,Medium Risk
United States,California,Needles,92363,"34.711224, -114.702256",34.711224,-114.702256,Female,No,Yes,Yes,40,Yes,Yes,No,No internet service,No internet service,No internet service,No internet service,No internet service,No internet service,Month-to-month,Yes,Electronic check,26.2,1077.5,2211,0,0,4.23,Low Risk
United States,California,San Diego,92116,"32.765299, -117.122565",32.765299,-117.122565,Female,Yes,Yes,No,53,Yes,No,Fiber optic,No,Yes,Yes,Yes,Yes,No,One year,Yes,Electronic check,94.0,4871.45,6355,0,0,46.75,Medium Risk
United States,California,Valley Springs,95252,"38.156971, -120.849231",38.156971,-120.849231,Female,No,No,No,3,Yes,No,No,No internet service,No internet service,No internet service,No internet service,No internet service,No internet service,Month-to-month,No,Electronic check,19.55,61.05,3889,0,0,41.38,Medium Risk
United States,California,Davis Creek,96108,"41.750354, -120.403885",41.750354,-120.403885,Female,Yes,No,No,9,Yes,Yes,Fiber optic,No,No,Yes,No,Yes,No,Month-to-month,Yes,Electronic check,90.1,816.8,2893,0,1,84.32,High Risk
United States,California,Little River,95456,"39.245911, -123.77214",39.245911,-123.77214,Female,No,Yes,Yes,72,Yes,No,No,No internet service,No internet service,No internet service,No internet service,No internet service,No internet service,Two year,Yes,Credit card (automatic),20.1,1326.25,4603,0,0,0.12,Low Risk
United States,California,Clearlake,95422,"38.965804, -122.631779",38.965804,-122.631779,Male,Yes,No,No,46,Yes,No,Fiber optic,Yes,No,No,No,No,Yes,Month-to-month,No,Electronic check,85.0,3969.4,2097,1,1,54.76,Medium Risk
United States,California,California City,93505,"35.151491, -117.927597",35.151491,-117.927597,Female,No,Yes,No,61,Yes,Yes,No,No internet service,No internet service,No internet service,No internet service,No internet service,No internet service,Two year,Yes,Mailed check,24.1,1551.6,5970,0,0,0.75,Low Risk
United States,California,San Bernardino,92405,"34.142747, -117.300864",34.142747,-117.300864,Female,No,Yes,No,54,Yes,No,DSL,Yes,No,Yes,Yes,No,Yes,Two year,No,Bank transfer (automatic),69.95,3871.85,5077,0,0,3.4,Low Risk
United States,California,Palo Alto,94306,"37.416159, -122.131337",37.416159,-122.131337,Male,No,No,No,11,No,No phone service,DSL,No,No,Yes,No,Yes,No,One year,Yes,Electronic check,41.6,470.6,3119,1,1,60.13,Medium Risk
United States,California,Pleasanton,94588,"37.685052, -121.912061",37.685052,-121.912061,Female,No,Yes,No,29,Yes,No,No,No internet service,No internet service,No internet service,No internet service,No internet service,No internet service,Two year,Yes,Mailed check,19.55,521.8,5758,0,0,9.78,Low Risk
United States,California,Newport Coast,92657,"33.603282, -117.821841",33.603282,-117.821841,Male,No,Yes,No,67,Yes,Yes,Fiber optic,Yes,Yes,Yes,No,Yes,Yes,One year,Yes,Electronic check,111.3,7482.1,4146,1,0,37.81,Low Risk
United States,California,Orange Cove,93646,"36.633498, -119.298895",36.633498,-119.298895,Male,No,Yes,Yes,49,Yes,Yes,Fiber optic,No,No,No,Yes,Yes,Yes,One year,Yes,Electronic check,97.95,4917.9,4301,0,0,7.72,Low Risk
United States,California,Sacramento,95828,"38.486938, -121.395805",38.486938,-121.395805,Male,No,Yes,No,72,Yes,Yes,Fiber optic,Yes,Yes,No,Yes,No,Yes,Two year,Yes,Bank transfer (automatic),100.55,7325.1,6082,0,0,19.58,Low Risk
United States,California,Santa Fe Springs,90670,"33.933565, -118.062611",33.933565,-118.062611,Female,No,Yes,Yes,71,Yes,No,DSL,Yes,Yes,Yes,Yes,Yes,Yes,Two year,No,Credit card (automatic),87.25,6328.7,4135,0,0,0.24,Low Risk
United States,California,Santa Monica,90403,"34.031529, -118.491156",34.031529,-118.491156,Female,Yes,No,No,44,Yes,No,DSL,No,No,Yes,Yes,Yes,Yes,One year,No,Bank transfer (automatic),74.85,3268.05,3253,0,0,16.32,Low Risk
United States,California,San Ysidro,92173,"32.555828, -117.040073",32.555828,-117.040073,Male,No,Yes,No,41,Yes,No,DSL,Yes,Yes,Yes,No,No,No,One year,Yes,Bank transfer (automatic),60.3,2511.3,4565,0,0,8.72,Low Risk
United States,California,Costa Mesa,92627,"33.645672, -117.922613",33.645672,-117.922613,Female,No,No,No,11,Yes,Yes,DSL,No,No,No,No,No,Yes,Month-to-month,Yes,Mailed check,58.95,601.6,3880,0,1,88.86,High Risk
United States,California,Loleta,95551,"40.665952, -124.240051",40.665952,-124.240051,Female,No,No,No,13,Yes,No,No,No internet service,No internet service,No internet service,No internet service,No internet service,No internet service,Month-to-month,Yes,Mailed check,19.3,279.3,5917,0,0,29.21,Low Risk
United States,California,Cobb,95426,"38.838088, -122.73203",38.838088,-122.73203,Female,Yes,Yes,No,55,Yes,No,Fiber optic,No,No,Yes,Yes,Yes,No,Two year,No,Credit card (automatic),88.8,4805.3,4291,0,0,14.57,Low Risk
United States,California,San Marino,91108,"34.122671, -118.112911",34.122671,-118.112911,Female,No,No,No,11,Yes,No,DSL,Yes,No,No,No,No,No,Month-to-month,No,Credit card (automatic),48.55,501.0,4444,1,0,35.31,Low Risk
United States,California,Ramona,92065,"33.044541, -116.833922",33.044541,-116.833922,Female,No,No,Yes,48,No,No phone service,DSL,No,Yes,Yes,No,No,Yes,Month-to-month,No,Credit card (automatic),45.55,2108.35,4106,0,0,2.36,Low Risk
United States,California,Dunlap,93621,"36.789213, -119.140338",36.789213,-119.140338,Male,No,No,No,31,Yes,Yes,Fiber optic,No,No,No,Yes,No,No,One year,No,Credit card (automatic),81.7,2548.65,4850,0,0,29.11,Low Risk
United States,California,Los Alamos,93440,"34.758699, -120.275839",34.758699,-120.275839,Male,No,No,No,63,Yes,No,Fiber optic,Yes,Yes,Yes,Yes,Yes,Yes,Two year,No,Credit card (automatic),109.2,7049.75,4273,0,0,12.6,Low Risk
United States,California,San Francisco,94103,"37.773147, -122.411287",37.773147,-122.411287,Female,Yes,Yes,Yes,61,Yes,Yes,DSL,No,No,Yes,No,Yes,No,One year,Yes,Electronic check,65.2,3965.05,6238,0,0,2.53,Low Risk
United States,California,Sacramento,95835,"38.685069, -121.543709",38.685069,-121.543709,Female,No,Yes,Yes,72,Yes,Yes,No,No internet service,No internet service,No internet service,No internet service,No internet service,No internet service,Two year,No,Credit card (automatic),24.25,1784.5,5897,0,0,0.38,Low Risk
United States,California,San Francisco,94127,"37.736535, -122.45732",37.736535,-122.45732,Female,No,Yes,Yes,53,Yes,No,Fiber optic,No,Yes,Yes,Yes,Yes,Yes,Month-to-month,Yes,Bank transfer (automatic),108.25,5935.1,5989,0,0,16.78,Low Risk
United States,California,Simi Valley,93063,"34.296813, -118.685703",34.296813,-118.685703,Female,Yes,No,No,7,Yes,No,DSL,Yes,No,No,No,No,No,Month-to-month,Yes,Electronic check,48.2,340.35,5525,0,1,59.71,Medium Risk
United States,California,Ludlow,92338,"34.702766, -116.093376",34.702766,-116.093376,Female,No,Yes,No,28,Yes,No,Fiber optic,No,No,No,No,No,Yes,Month-to-month,Yes,Electronic check,81.05,2227.1,5201,1,1,87.92,High Risk
United States,California,North Hollywood,91601,"34.1692, -118.372498",34.1692,-118.372498,Female,No,No,No,16,Yes,Yes,Fiber optic,No,No,No,No,No,No,Month-to-month,No,Electronic check,72.65,1194.3,2850,1,1,92.93,High Risk
United States,California,Rancho Cucamonga,91730,"34.10097, -117.57882",34.10097,-117.57882,Female,No,No,Yes,7,Yes,No,Fiber optic,No,No,No,No,No,No,Month-to-month,Yes,Electronic check,71.05,472.65,4668,0,0,47.18,Medium Risk
United States,California,Wendel,96136,"40.345949, -120.081187",40.345949,-120.081187,Female,No,No,No,5,Yes,Yes,DSL,No,Yes,No,No,No,Yes,Month-to-month,Yes,Electronic check,64.0,370.25,4421,0,1,87.51,High Risk
United States,California,Fresno,93727,"36.751489, -119.68072",36.751489,-119.68072,Female,No,Yes,Yes,71,Yes,Yes,No,No internet service,No internet service,No internet service,No internet service,No internet service,No internet service,Two year,No,Credit card (automatic),23.9,1663.5,5471,0,0,0.19,Low Risk
United States,California,Concord,94521,"37.971421, -121.971504",37.971421,-121.971504,Male,No,Yes,Yes,7,No,No phone service,DSL,Yes,No,No,Yes,No,No,Month-to-month,Yes,Electronic check,34.5,279.25,3520,1,0,46.51,Medium Risk
United States,California,Greenview,96037,"41.528541, -122.955018",41.528541,-122.955018,Male,Yes,No,No,11,Yes,Yes,Fiber optic,No,Yes,Yes,Yes,Yes,Yes,Month-to-month,Yes,Electronic check,111.4,1183.05,3175,0,1,87.78,High Risk
United States,California,Forestville,95436,"38.499302, -122.92444",38.499302,-122.92444,Male,No,No,No,52,No,No phone service,DSL,Yes,Yes,Yes,Yes,Yes,Yes,Two year,No,Credit card (automatic),63.9,3334.95,5380,0,0,2.36,Low Risk
United States,California,Bakersfield,93304,"35.339796, -119.023552",35.339796,-119.023552,Female,No,No,No,49,Yes,No,DSL,Yes,Yes,Yes,Yes,No,No,Two year,No,Bank transfer (automatic),67.4,3306.85,5075,0,0,0.73,Low Risk
United States,California,Chatsworth,91311,"34.294142, -118.603883",34.294142,-118.603883,Male,No,No,No,19,Yes,No,No,No internet service,No internet service,No internet service,No internet service,No internet service,No internet service,One year,No,Mailed check,18.8,279.2,2916,0,0,13.75,Low Risk
United States,California,Davenport,95017,"37.114335, -122.237162",37.114335,-122.237162,Male,No,No,No,2,Yes,No,Fiber optic,No,No,No,No,No,Yes,Month-to-month,Yes,Electronic check,80.95,171.15,3533,1,1,92.08,High Risk
United States,California,Cazadero,95421,"38.578807, -123.19338",38.578807,-123.19338,Male,No,Yes,No,52,Yes,Yes,Fiber optic,No,Yes,No,Yes,No,Yes,Month-to-month,Yes,Credit card (automatic),95.65,5088.4,4465,0,1,55.03,Medium Risk
United States,California,Simi Valley,93063,"34.296813, -118.685703",34.296813,-118.685703,Male,No,Yes,No,23,Yes,Yes,Fiber optic,No,Yes,Yes,No,No,No,Month-to-month,No,Electronic check,84.25,1968.1,2781,0,1,73.57,High Risk
United States,California,Santee,92071,"32.847336, -116.997605",32.847336,-116.997605,Male,Yes,No,No,8,Yes,No,Fiber optic,No,No,No,No,No,No,Month-to-month,Yes,Electronic check,69.7,572.85,5242,0,1,91.37,High Risk
United States,California,French Camp,95231,"37.873283, -121.292034",37.873283,-121.292034,Female,Yes,Yes,Yes,65,Yes,Yes,Fiber optic,No,No,Yes,Yes,Yes,Yes,One year,Yes,Bank transfer (automatic),103.9,6767.1,5669,0,0,7.23,Low Risk
United States,California,Lancaster,93534,"34.727529, -118.153098",34.727529,-118.153098,Male,No,No,Yes,2,Yes,No,DSL,No,No,No,No,No,Yes,Month-to-month,Yes,Electronic check,55.3,108.65,4594,0,1,66.85,Medium Risk
United States,California,Richmond,94801,"37.945288, -122.383941",37.945288,-122.383941,Female,No,Yes,No,62,Yes,Yes,No,No internet service,No internet service,No internet service,No internet service,No internet service,No internet service,Two year,No,Bank transfer (automatic),23.65,1416.75,4671,0,0,2.46,Low Risk
United States,California,Upland,91786,"34.105493, -117.660934",34.105493,-117.660934,Male,No,No,No,3,Yes,No,Fiber optic,No,No,Yes,Yes,Yes,No,Month-to-month,Yes,Mailed check,89.85,244.45,4096,0,0,47.78,Medium Risk
United States,California,San Diego,92110,"32.76501, -117.19938",32.76501,-117.19938,Male,No,Yes,Yes,49,Yes,Yes,Fiber optic,No,Yes,Yes,No,Yes,No,One year,Yes,Electronic check,93.65,4520.15,5542,0,0,27.18,Low Risk
United States,California,Victorville,92392,"34.486835, -117.362274",34.486835,-117.362274,Female,No,No,No,15,Yes,No,Fiber optic,No,No,No,No,No,No,Month-to-month,No,Bank transfer (automatic),69.0,994.8,5671,1,0,47.91,Medium Risk
United States,California,Solana Beach,92075,"33.001813, -117.263628",33.001813,-117.263628,Female,No,No,No,41,Yes,No,No,No internet service,No internet service,No internet service,No internet service,No internet service,No internet service,One year,Yes,Credit card (automatic),20.25,865.0,3972,0,0,8.59,Low Risk
United States,California,El Cerrito,94530,"37.924838, -122.289145",37.924838,-122.289145,Female,Yes,No,No,46,Yes,Yes,Fiber optic,No,Yes,Yes,No,Yes,Yes,Month-to-month,Yes,Electronic check,104.45,4863.85,4103,0,1,57.85,Medium Risk
United States,California,Sacramento,95825,"38.590035, -121.412455",38.590035,-121.412455,Male,No,No,No,56,Yes,Yes,No,No internet service,No internet service,No internet service,No internet service,No internet service,No internet service,Two year,Yes,Bank transfer (automatic),25.95,1444.05,4246,0,0,3.14,Low Risk
United States,California,Earp,92242,"34.137742, -114.36514",34.137742,-114.36514,Male,No,No,No,48,Yes,Yes,Fiber optic,Yes,No,No,Yes,No,Yes,Month-to-month,Yes,Electronic check,95.4,4445.3,4334,0,0,45.63,Medium Risk
United States,California,Ione,95640,"38.33788, -120.954202",38.33788,-120.954202,Male,No,No,No,2,Yes,No,Fiber optic,No,No,No,No,No,No,Month-to-month,No,Mailed check,70.7,129.2,2388,0,1,64.35,Medium Risk
United States,California,Pittsburg,94565,"38.006047, -121.916834",38.006047,-121.916834,Female,No,Yes,Yes,72,Yes,Yes,No,No internet service,No internet service,No internet service,No internet service,No internet service,No internet service,Two year,No,Bank transfer (automatic),23.75,1679.25,4923,0,0,0.21,Low Risk
United States,California,Hanford,93230,"36.29223, -119.622676",36.29223,-119.622676,Male,No,Yes,No,45,Yes,No,DSL,Yes,Yes,Yes,No,Yes,Yes,One year,No,Bank transfer (automatic),78.8,3597.5,4192,0,0,6.01,Low Risk
United States,California,Rancho Santa Fe,92091,"32.99356, -117.207121",32.99356,-117.207121,Male,No,Yes,No,37,Yes,Yes,DSL,Yes,No,Yes,Yes,No,No,Two year,Yes,Credit card (automatic),62.8,2278.75,5229,0,0,6.31,Low Risk
United States,California,Coulterville,95311,"37.722127, -120.110174",37.722127,-120.110174,Female,No,No,No,61,Yes,Yes,Fiber optic,No,No,Yes,No,No,Yes,Month-to-month,No,Mailed check,89.2,5500.6,5536,0,0,27.37,Low Risk
United States,California,Santa Margarita,93453,"35.303926, -120.256567",35.303926,-120.256567,Female,No,No,No,60,Yes,No,No,No internet service,No internet service,No internet service,No internet service,No internet service,No internet service,Two year,No,Mailed check,20.6,1093.0,4192,0,0,0.48,Low Risk
United States,California,Pala,92059,"33.384345, -117.072619",33.384345,-117.072619,Female,Yes,Yes,No,2,Yes,No,DSL,No,Yes,No,No,No,No,Month-to-month,No,Credit card (automatic),50.15,115.1,5461,1,1,69.35,Medium Risk
United States,California,Los Angeles,90048,"34.072945, -118.37267",34.072945,-118.37267,Female,No,Yes,No,63,Yes,No,DSL,Yes,Yes,Yes,Yes,Yes,No,Two year,No,Credit card (automatic),75.55,4707.85,4626,0,0,3.23,Low Risk
United States,California,Palo Alto,94304,"37.386978, -122.177746",37.386978,-122.177746,Female,Yes,No,No,4,Yes,Yes,Fiber optic,No,No,No,No,No,Yes,Month-to-month,Yes,Electronic check,84.6,360.1,2467,1,1,90.28,High Risk
United States,California,Travis Afb,94535,"38.265899, -121.939461",38.265899,-121.939461,Male,No,No,No,62,Yes,Yes,Fiber optic,Yes,Yes,No,Yes,No,Yes,One year,No,Electronic check,102.0,6529.25,5090,1,0,40.92,Medium Risk
United States,California,Oxnard,93033,"34.156629, -119.117218",34.156629,-119.117218,Female,No,No,No,62,Yes,Yes,Fiber optic,Yes,Yes,Yes,No,No,No,One year,Yes,Electronic check,92.05,5755.8,5801,0,0,20.55,Low Risk
United States,California,Los Angeles,90064,"34.037251, -118.423573",34.037251,-118.423573,Male,No,No,No,69,Yes,Yes,Fiber optic,No,Yes,Yes,Yes,Yes,No,Two year,Yes,Credit card (automatic),97.65,6743.55,5709,0,0,11.08,Low Risk
United States,California,Foothill Ranch,92610,"33.698728, -117.67768",33.698728,-117.67768,Female,No,No,No,4,Yes,No,Fiber optic,No,Yes,Yes,Yes,Yes,Yes,One year,Yes,Electronic check,105.65,443.9,4663,1,1,88.97,High Risk
United States,California,San Diego,92106,"32.71346, -117.236378",32.71346,-117.236378,Female,No,Yes,No,49,No,No phone service,DSL,No,Yes,No,Yes,Yes,Yes,One year,Yes,Credit card (automatic),56.3,2780.6,5913,0,0,34.69,Low Risk
United States,California,Taft,93268,"35.184837, -119.402525",35.184837,-119.402525,Male,No,No,No,51,Yes,Yes,DSL,Yes,Yes,Yes,Yes,Yes,No,One year,Yes,Credit card (automatic),81.15,4126.2,4549,0,0,10.02,Low Risk
United States,California,Encino,91436,"34.152875, -118.486056",34.152875,-118.486056,Male,No,No,No,26,No,No phone service,DSL,Yes,Yes,No,No,No,Yes,Month-to-month,Yes,Bank transfer (automatic),44.65,1156.55,4512,0,0,30.03,Low Risk
United States,California,Santa Ana,92704,"33.719869, -117.907063",33.719869,-117.907063,Female,No,No,No,9,Yes,No,DSL,No,No,No,No,No,No,Month-to-month,Yes,Electronic check,43.75,405.7,5644,0,1,73.19,High Risk
United States,California,Posey,93260,"35.861928, -118.636698",35.861928,-118.636698,Female,No,No,No,57,Yes,Yes,Fiber optic,No,Yes,No,Yes,No,Yes,One year,No,Electronic check,94.7,5468.95,4507,0,0,17.92,Low Risk
United States,California,Whittier,90606,"33.976678, -118.065875",33.976678,-118.065875,Female,No,Yes,No,37,Yes,No,No,No internet service,No internet service,No internet service,No internet service,No internet service,No internet service,Month-to-month,No,Bank transfer (automatic),19.5,805.2,3924,0,0,13.2,Low Risk
United States,California,San Jose,95121,"37.304681, -121.809955",37.304681,-121.809955,Male,No,No,No,30,Yes,No,Fiber optic,No,Yes,No,No,Yes,Yes,One year,Yes,Bank transfer (automatic),97.0,3021.3,4126,0,1,64.39,Medium Risk
United States,California,Sacramento,95833,"38.619049, -121.517552",38.619049,-121.517552,Female,Yes,Yes,Yes,70,Yes,Yes,Fiber optic,No,Yes,Yes,Yes,Yes,Yes,One year,Yes,Electronic check,107.9,7475.85,5899,0,0,9.61,Low Risk
United States,California,North Hollywood,91605,"34.207295, -118.400022",34.207295,-118.400022,Male,No,No,No,22,Yes,No,Fiber optic,No,Yes,Yes,No,Yes,No,Month-to-month,Yes,Electronic check,89.4,2001.5,5438,1,1,91.31,High Risk
United States,California,Santa Clara,95050,"37.351214, -121.952417",37.351214,-121.952417,Male,No,No,No,39,No,No phone service,DSL,Yes,Yes,No,Yes,Yes,No,Month-to-month,Yes,Credit card (automatic),48.95,1880.85,3080,1,0,36.93,Low Risk
United States,California,Pleasanton,94566,"37.633361, -121.862395",37.633361,-121.862395,Female,Yes,Yes,No,33,Yes,Yes,Fiber optic,No,Yes,No,No,No,No,Month-to-month,Yes,Bank transfer (automatic),80.6,2656.5,3601,1,1,64.45,Medium Risk
United States,California,Kneeland,95549,"40.664483, -123.865325",40.664483,-123.865325,Male,No,No,No,60,Yes,Yes,Fiber optic,Yes,Yes,Yes,Yes,Yes,Yes,One year,Yes,Credit card (automatic),116.6,7049.5,5680,0,0,12.71,Low Risk
United States,California,Inglewood,90305,"33.958134, -118.330905",33.958134,-118.330905,Female,No,Yes,Yes,1,Yes,No,No,No internet service,No internet service,No internet service,No internet service,No internet service,No internet service,Month-to-month,No,Electronic check,19.45,19.45,5612,0,0,12.49,Low Risk
United States,California,Lotus,95651,"38.815515, -120.916997",38.815515,-120.916997,Female,No,Yes,Yes,12,Yes,No,DSL,No,No,Yes,No,Yes,No,Month-to-month,Yes,Credit card (automatic),58.35,740.55,5068,0,1,63.06,Medium Risk
United States,California,Mendota,93640,"36.687292, -120.437354",36.687292,-120.437354,Female,No,Yes,Yes,51,Yes,No,No,No internet service,No internet service,No internet service,No internet service,No internet service,No internet service,Two year,No,Mailed check,19.95,1028.75,4057,0,0,0.72,Low Risk
United States,California,Nipton,92364,"35.478736, -115.516984",35.478736,-115.516984,Female,No,Yes,Yes,22,Yes,No,Fiber optic,No,No,No,No,No,Yes,Month-to-month,Yes,Electronic check,80.15,1790.65,4732,0,0,35.6,Low Risk
United States,California,Los Angeles,90003,"33.964131, -118.272783",33.964131,-118.272783,Male,No,Yes,No,1,Yes,No,No,No internet service,No internet service,No internet service,No internet service,No internet service,No internet service,One year,No,Mailed check,18.8,18.8,5160,0,0,27.3,Low Risk
United States,California,Samoa,95564,"40.809636, -124.189977",40.809636,-124.189977,Male,No,Yes,Yes,39,Yes,Yes,Fiber optic,No,No,Yes,No,Yes,Yes,One year,No,Electronic check,100.0,3835.55,5434,0,0,11.23,Low Risk
United States,California,Tipton,93272,"36.047414, -119.344304",36.047414,-119.344304,Female,No,No,No,4,Yes,Yes,Fiber optic,No,Yes,No,Yes,No,Yes,Month-to-month,Yes,Electronic check,93.5,362.2,4554,1,1,94.34,High Risk
United States,California,Riverbank,95367,"37.734971, -120.954271",37.734971,-120.954271,Female,No,No,No,39,Yes,No,Fiber optic,No,No,Yes,Yes,No,No,Two year,Yes,Electronic check,80.45,3201.55,2224,1,0,31.36,Low Risk
United States,California,Sacramento,95831,"38.494832, -121.529447",38.494832,-121.529447,Male,Yes,Yes,No,69,Yes,Yes,Fiber optic,Yes,Yes,No,No,No,No,Month-to-month,Yes,Credit card (automatic),84.9,5785.65,4503,0,0,47.54,Medium Risk
United States,California,Santa Barbara,93109,"34.406256, -119.726936",34.406256,-119.726936,Male,Yes,Yes,No,8,Yes,No,DSL,No,No,Yes,Yes,No,Yes,Month-to-month,Yes,Credit card (automatic),64.4,581.7,4537,0,1,69.55,Medium Risk
United States,California,Downey,90242,"33.921793, -118.140588",33.921793,-118.140588,Male,No,Yes,No,68,Yes,Yes,No,No internet service,No internet service,No internet service,No internet service,No internet service,No internet service,Two year,No,Credit card (automatic),25.05,1629.2,4187,0,0,0.64,Low Risk
United States,California,Buena Park,90620,"33.845706, -118.012204",33.845706,-118.012204,Female,Yes,No,No,2,Yes,No,Fiber optic,No,No,No,No,No,No,Month-to-month,No,Electronic check,70.75,154.85,4407,1,1,87.14,High Risk
United States,California,Soda Springs,95728,"39.279068, -120.414275",39.279068,-120.414275,Male,Yes,Yes,No,24,No,No phone service,DSL,Yes,No,No,No,No,Yes,Month-to-month,No,Bank transfer (automatic),39.1,971.3,4591,1,1,52.95,Medium Risk
United States,California,Denair,95316,"37.524721, -120.757977",37.524721,-120.757977,Female,No,Yes,No,42,Yes,Yes,DSL,No,No,No,No,No,No,Month-to-month,Yes,Electronic check,50.25,2203.65,4873,1,0,41.44,Medium Risk
United States,California,Potter Valley,95469,"39.408634, -123.045516",39.408634,-123.045516,Female,No,Yes,No,59,Yes,Yes,DSL,No,Yes,No,Yes,Yes,Yes,One year,Yes,Electronic check,80.1,4693.2,4093,0,0,20.94,Low Risk
United States,California,Shafter,93263,"35.490705, -119.286833",35.490705,-119.286833,Male,No,Yes,No,1,Yes,No,Fiber optic,No,No,No,No,No,Yes,Month-to-month,No,Electronic check,80.0,80.0,2046,1,1,90.89,High Risk
United States,California,Elmira,95625,"38.349195, -121.902943",38.349195,-121.902943,Female,No,Yes,Yes,46,No,No phone service,DSL,Yes,Yes,No,No,No,No,Month-to-month,No,Bank transfer (automatic),35.05,1620.25,4829,0,0,4.13,Low Risk
United States,California,Oakdale,95361,"37.785033, -120.776141",37.785033,-120.776141,Male,No,No,No,4,No,No phone service,DSL,No,No,Yes,No,No,No,Month-to-month,Yes,Electronic check,29.65,118.5,4207,1,1,83.48,High Risk
United States,California,West Sacramento,95605,"38.592745, -121.540036",38.592745,-121.540036,Male,No,Yes,Yes,11,Yes,No,No,No internet service,No internet service,No internet service,No internet service,No internet service,No internet service,Month-to-month,Yes,Electronic check,20.45,250.8,2606,0,0,17.62,Low Risk
United States,California,Winnetka,91306,"34.209532, -118.577563",34.209532,-118.577563,Male,No,Yes,No,59,Yes,No,DSL,Yes,Yes,Yes,No,Yes,No,One year,No,Credit card (automatic),66.4,3958.2,6432,0,0,9.26,Low Risk
United States,California,Lagunitas,94938,"38.021772, -122.691744",38.021772,-122.691744,Female,No,Yes,Yes,53,Yes,No,DSL,No,No,Yes,No,No,Yes,One year,No,Credit card (automatic),60.6,3297.0,4854,0,0,1.16,Low Risk
United States,California,Wilseyville,95257,"38.392686, -120.415951",38.392686,-120.415951,Female,No,No,No,3,Yes,No,DSL,No,No,No,No,Yes,No,Month-to-month,Yes,Electronic check,54.2,140.4,3167,0,1,62.74,Medium Risk
United States,California,Carmel,93923,"36.460611, -121.852507",36.460611,-121.852507,Female,No,Yes,No,72,Yes,Yes,No,No internet service,No internet service,No internet service,No internet service,No internet service,No internet service,Two year,Yes,Bank transfer (automatic),25.25,1841.2,4551,0,0,3.14,Low Risk
United States,California,Pacific Grove,93950,"36.618337, -121.926417",36.618337,-121.926417,Male,No,No,No,9,Yes,No,No,No internet service,No internet service,No internet service,No internet service,No internet service,No internet service,Month-to-month,Yes,Mailed check,18.95,185.6,5403,1,0,25.92,Low Risk
United States,California,Los Angeles,90023,"34.017697, -118.200577",34.017697,-118.200577,Male,No,Yes,Yes,24,Yes,No,No,No internet service,No internet service,No internet service,No internet service,No internet service,No internet service,One year,Yes,Credit card (automatic),20.8,469.65,4654,0,0,4.47,Low Risk
United States,California,Oakland,94621,"37.750553, -122.197175",37.750553,-122.197175,Female,Yes,Yes,No,45,Yes,No,Fiber optic,No,No,Yes,No,No,Yes,Month-to-month,Yes,Electronic check,86.1,3861.45,2701,0,1,59.51,Medium Risk
United States,California,Studio City,91604,"34.139082, -118.39275",34.139082,-118.39275,Female,No,Yes,No,49,No,No phone service,DSL,Yes,No,No,No,Yes,No,Month-to-month,No,Bank transfer (automatic),40.65,2070.75,5565,0,0,7.15,Low Risk
United States,California,Forest Falls,92339,"34.067699, -116.903891",34.067699,-116.903891,Female,No,Yes,No,61,Yes,Yes,No,No internet service,No internet service,No internet service,No internet service,No internet service,No internet service,Two year,No,Mailed check,24.4,1417.9,4900,0,0,0.94,Low Risk
United States,California,Leggett,95585,"39.873371, -123.741474",39.873371,-123.741474,Male,No,No,No,2,Yes,No,Fiber optic,No,No,No,No,No,No,Month-to-month,Yes,Electronic check,70.3,144.0,2980,0,1,78.52,High Risk
United States,California,Pine Grove,95665,"38.400264, -120.641274",38.400264,-120.641274,Female,No,No,No,5,Yes,No,Fiber optic,No,No,No,Yes,No,Yes,Month-to-month,Yes,Credit card (automatic),85.4,425.9,3716,1,1,67.75,Medium Risk
United States,California,Oroville,95966,"39.473896, -121.415927",39.473896,-121.415927,Female,No,No,No,2,No,No phone service,DSL,Yes,Yes,No,No,No,Yes,Month-to-month,Yes,Electronic check,42.6,72.4,4648,1,1,66.76,Medium Risk
United States,California,Crockett,94525,"38.049292, -122.228415",38.049292,-122.228415,Male,No,No,No,25,Yes,Yes,DSL,Yes,Yes,Yes,Yes,No,Yes,Month-to-month,No,Bank transfer (automatic),81.75,2028.8,5917,0,1,76.53,High Risk
United States,California,Gualala,95445,"38.848082, -123.50608",38.848082,-123.50608,Female,No,Yes,No,60,Yes,Yes,Fiber optic,No,Yes,Yes,No,Yes,Yes,Month-to-month,Yes,Electronic check,106.15,6411.25,4115,0,1,87.15,High Risk
United States,California,Cardiff By The Sea,92007,"33.015866, -117.272254",33.015866,-117.272254,Male,No,Yes,No,51,Yes,Yes,Fiber optic,Yes,Yes,No,Yes,Yes,Yes,One year,No,Credit card (automatic),110.05,5686.4,5604,0,1,66.58,Medium Risk
United States,California,Agoura Hills,91301,"34.129058, -118.759788",34.129058,-118.759788,Male,No,Yes,Yes,2,Yes,Yes,DSL,Yes,No,No,No,No,No,Month-to-month,No,Mailed check,56.7,113.55,5560,1,0,29.92,Low Risk
United States,California,Napa,94558,"38.489789, -122.27011",38.489789,-122.27011,Male,Yes,Yes,No,62,Yes,Yes,Fiber optic,No,Yes,Yes,No,Yes,Yes,One year,Yes,Electronic check,103.75,6383.35,5052,1,0,46.19,Medium Risk
United States,California,Bodega Bay,94923,"38.377165, -123.037957",38.377165,-123.037957,Male,No,Yes,No,52,Yes,Yes,DSL,Yes,Yes,Yes,Yes,No,Yes,One year,Yes,Credit card (automatic),81.4,4354.45,4628,0,0,16.85,Low Risk
United States,California,Coarsegold,93614,"37.212191, -119.749323",37.212191,-119.749323,Male,No,No,No,68,Yes,Yes,DSL,Yes,Yes,Yes,No,No,Yes,One year,Yes,Credit card (automatic),76.9,5023.0,5355,0,0,2.73,Low Risk
United States,California,Long Beach,90810,"33.819814, -118.222416",33.819814,-118.222416,Female,No,No,No,22,Yes,Yes,Fiber optic,No,No,No,No,Yes,No,Month-to-month,Yes,Bank transfer (automatic),84.15,1821.95,3549,0,1,91.11,High Risk
United States,California,Shasta Lake,96019,"40.692523, -122.369876",40.692523,-122.369876,Male,Yes,Yes,No,1,No,No phone service,DSL,No,No,No,No,No,No,Month-to-month,No,Electronic check,25.05,25.05,2119,1,1,72.03,High Risk
United States,California,La Puente,91746,"34.038983, -117.991372",34.038983,-117.991372,Male,Yes,No,No,3,No,No phone service,DSL,No,No,Yes,No,No,Yes,Month-to-month,Yes,Electronic check,41.15,132.2,2314,1,1,95.77,High Risk
United States,California,Lockwood,93932,"35.989792, -121.055933",35.989792,-121.055933,Female,Yes,No,No,16,Yes,Yes,Fiber optic,No,No,No,No,Yes,Yes,Month-to-month,Yes,Electronic check,96.4,1581.2,2688,1,1,91.99,High Risk
United States,California,Citrus Heights,95610,"38.69508, -121.271616",38.69508,-121.271616,Female,Yes,No,No,32,Yes,No,Fiber optic,No,Yes,No,No,No,No,Month-to-month,Yes,Electronic check,74.4,2276.95,2091,1,0,41.49,Medium Risk
United States,California,Mt Baldy,91759,"34.231318, -117.662032",34.231318,-117.662032,Male,No,No,No,50,Yes,Yes,No,No internet service,No internet service,No internet service,No internet service,No internet service,No internet service,Two year,No,Bank transfer (automatic),24.9,1195.25,4297,0,0,1.15,Low Risk
United States,California,La Habra,90631,"33.940619, -117.9513",33.940619,-117.9513,Male,No,Yes,Yes,1,Yes,No,DSL,Yes,No,No,No,No,No,Month-to-month,Yes,Mailed check,48.75,48.75,5068,0,0,42.25,Medium Risk
United States,California,Los Altos,94024,"37.352911, -122.093002",37.352911,-122.093002,Female,No,No,No,6,Yes,No,Fiber optic,No,No,Yes,No,No,Yes,Month-to-month,No,Electronic check,83.9,497.55,3962,1,1,71.64,High Risk
United States,California,Rowland Heights,91748,"33.976753, -117.897367",33.976753,-117.897367,Male,No,No,No,1,Yes,No,DSL,No,Yes,No,No,No,No,Month-to-month,Yes,Electronic check,50.75,50.75,5355,1,1,88.85,High Risk
United States,California,Ferndale,95536,"40.4785, -124.301372",40.4785,-124.301372,Female,No,Yes,Yes,29,Yes,No,No,No internet service,No internet service,No internet service,No internet service,No internet service,No internet service,Two year,No,Mailed check,20.2,558.8,2784,0,0,0.79,Low Risk
United States,California,Summerland,93067,"34.420998, -119.60137",34.420998,-119.60137,Male,No,No,No,1,Yes,No,No,No internet service,No internet service,No internet service,No internet service,No internet service,No internet service,Month-to-month,Yes,Mailed check,19.3,19.3,4266,1,1,68.32,Medium Risk
United States,California,Yucaipa,92399,"34.04597, -117.011825",34.04597,-117.011825,Female,No,No,No,58,Yes,No,Fiber optic,No,No,No,Yes,Yes,Yes,Month-to-month,Yes,Electronic check,95.3,5817.7,6460,0,1,54.54,Medium Risk
United States,California,Shoshone,92384,"35.924252, -116.188668",35.924252,-116.188668,Male,Yes,Yes,Yes,35,Yes,No,DSL,No,Yes,No,Yes,Yes,Yes,Month-to-month,Yes,Electronic check,76.05,2747.2,5479,0,0,25.4,Low Risk
United States,California,Glendale,91208,"34.195386, -118.238508",34.195386,-118.238508,Male,No,No,No,43,Yes,No,No,No internet service,No internet service,No internet service,No internet service,No internet service,No internet service,Two year,No,Mailed check,19.55,876.15,4871,0,0,4.82,Low Risk
United States,California,Sacramento,95841,"38.660442, -121.346321",38.660442,-121.346321,Female,No,No,No,41,Yes,No,DSL,No,No,No,Yes,No,No,One year,No,Bank transfer (automatic),50.05,2029.05,2157,0,0,6.56,Low Risk
United States,California,Rialto,92376,"34.109775, -117.378904",34.109775,-117.378904,Female,No,Yes,Yes,47,Yes,No,No,No internet service,No internet service,No internet service,No internet service,No internet service,No internet service,Two year,No,Bank transfer (automatic),19.3,890.5,5829,0,0,0.21,Low Risk
United States,California,Scott Bar,96085,"41.737962, -123.07557",41.737962,-123.07557,Female,No,No,No,33,Yes,Yes,Fiber optic,No,Yes,No,No,Yes,Yes,Month-to-month,Yes,Electronic check,100.0,3320.6,4643,0,1,68.46,Medium Risk
United States,California,Orick,95555,"41.336354, -124.044354",41.336354,-124.044354,Male,No,No,No,67,Yes,No,No,No internet service,No internet service,No internet service,No internet service,No internet service,No internet service,Two year,No,Bank transfer (automatic),20.5,1430.95,4416,0,0,0.58,Low Risk
United States,California,Orick,95555,"41.336354, -124.044354",41.336354,-124.044354,Female,No,Yes,No,72,Yes,No,No,No internet service,No internet service,No internet service,No internet service,No internet service,No internet service,Two year,No,Bank transfer (automatic),19.4,1496.45,5398,0,0,0.6,Low Risk
United States,California,Torrance,90502,"33.833181, -118.292062",33.833181,-118.292062,Male,No,Yes,No,50,Yes,Yes,DSL,No,No,Yes,No,No,No,One year,No,Bank transfer (automatic),54.9,2614.1,4322,0,0,16.74,Low Risk
United States,California,San Diego,92102,"32.716007, -117.117462",32.716007,-117.117462,Male,Yes,Yes,No,49,Yes,No,DSL,No,Yes,No,No,No,No,Two year,No,Mailed check,49.8,2398.4,4306,0,0,7.6,Low Risk
United States,California,San Diego,92113,"32.697098, -117.116587",32.697098,-117.116587,Male,No,No,No,4,Yes,Yes,Fiber optic,No,No,No,No,No,No,Month-to-month,Yes,Electronic check,74.35,265.35,3622,1,1,94.13,High Risk
United States,California,Corona,92880,"33.918043, -117.617809",33.918043,-117.617809,Male,No,Yes,No,61,Yes,No,Fiber optic,No,Yes,Yes,Yes,No,Yes,Month-to-month,No,Credit card (automatic),94.15,5731.85,4806,0,0,16.06,Low Risk
United States,California,Glendora,91741,"34.14649, -117.849815",34.14649,-117.849815,Male,No,Yes,No,7,Yes,No,No,No internet service,No internet service,No internet service,No internet service,No internet service,No internet service,One year,No,Mailed check,20.65,150.0,2874,0,0,13.57,Low Risk
United States,California,Greenbrae,94904,"37.946617, -122.563571",37.946617,-122.563571,Male,Yes,No,No,14,Yes,No,Fiber optic,No,No,No,No,Yes,Yes,Month-to-month,No,Credit card (automatic),90.45,1266.1,4777,1,1,67.36,Medium Risk
United States,California,Mccloud,96057,"41.251322, -122.105209",41.251322,-122.105209,Female,No,Yes,No,26,Yes,No,DSL,No,Yes,No,Yes,Yes,Yes,Month-to-month,Yes,Electronic check,73.05,1959.5,2753,0,1,57.88,Medium Risk
United States,California,Monterey,93940,"36.362741, -121.869685",36.362741,-121.869685,Female,Yes,No,No,35,Yes,No,Fiber optic,No,No,No,No,No,No,Month-to-month,No,Electronic check,70.55,2419.0,5873,0,0,37.73,Low Risk
United States,California,South Gate,90280,"33.944624, -118.192615",33.944624,-118.192615,Female,Yes,Yes,No,54,Yes,No,Fiber optic,No,No,Yes,Yes,Yes,Yes,One year,Yes,Electronic check,99.1,5437.1,4118,0,0,28.79,Low Risk
United States,California,Indio,92201,"33.713891, -116.237257",33.713891,-116.237257,Female,No,No,No,8,Yes,Yes,Fiber optic,No,No,No,No,Yes,Yes,Month-to-month,No,Bank transfer (automatic),95.65,778.1,5335,1,1,87.93,High Risk
United States,California,Avalon,90704,"33.391181, -118.421305",33.391181,-118.421305,Male,No,No,No,1,Yes,No,Fiber optic,No,No,No,No,No,No,Month-to-month,Yes,Electronic check,71.65,71.65,2377,1,1,80.55,High Risk
United States,California,La Habra,90631,"33.940619, -117.9513",33.940619,-117.9513,Female,No,Yes,Yes,67,Yes,Yes,Fiber optic,Yes,No,Yes,Yes,No,Yes,One year,Yes,Bank transfer (automatic),100.25,6689.0,5588,0,0,7.92,Low Risk
United States,California,Aguanga,92536,"33.482243, -116.827173",33.482243,-116.827173,Female,No,No,Yes,24,Yes,No,No,No internet service,No internet service,No internet service,No internet service,No internet service,No internet service,Two year,No,Mailed check,19.75,498.1,2639,0,0,1.07,Low Risk
United States,California,San Jose,95120,"37.186141, -121.843554",37.186141,-121.843554,Female,No,Yes,Yes,64,Yes,Yes,No,No internet service,No internet service,No internet service,No internet service,No internet service,No internet service,One year,No,Mailed check,24.9,1595.5,5038,0,0,1.3,Low Risk
United States,California,Van Nuys,91411,"34.17847, -118.459472",34.17847,-118.459472,Female,Yes,Yes,No,34,Yes,Yes,Fiber optic,No,Yes,No,No,No,No,Month-to-month,Yes,Mailed check,79.6,2718.3,3980,1,1,68.07,Medium Risk
United States,California,Granite Bay,95746,"38.749466, -121.184196",38.749466,-121.184196,Male,No,Yes,No,8,Yes,No,No,No internet service,No internet service,No internet service,No internet service,No internet service,No internet service,One year,No,Credit card (automatic),19.9,153.95,3152,0,0,17.01,Low Risk
United States,California,Los Angeles,90045,"33.954017, -118.402447",33.954017,-118.402447,Female,No,No,No,6,Yes,No,No,No internet service,No internet service,No internet service,No internet service,No internet service,No internet service,Month-to-month,No,Mailed check,20.2,123.65,5029,0,0,34.18,Low Risk
United States,California,Burbank,91501,"34.188339, -118.300942",34.188339,-118.300942,Male,No,No,No,13,Yes,Yes,Fiber optic,No,No,No,Yes,Yes,Yes,Month-to-month,Yes,Mailed check,99.0,1301.7,3493,1,1,77.87,High Risk
United States,California,Downey,90242,"33.921793, -118.140588",33.921793,-118.140588,Male,No,Yes,No,62,Yes,Yes,No,No internet service,No internet service,No internet service,No internet service,No internet service,No internet service,Two year,Yes,Bank transfer (automatic),24.25,1424.6,4444,0,0,1.17,Low Risk
United States,California,Sun City,92587,"33.69887, -117.25071",33.69887,-117.25071,Male,No,Yes,No,34,Yes,Yes,Fiber optic,No,No,Yes,No,Yes,Yes,Month-to-month,Yes,Electronic check,100.05,3480.0,2568,1,1,75.96,High Risk
United States,California,Manhattan Beach,90266,"33.889632, -118.39737",33.889632,-118.39737,Male,No,No,No,9,Yes,Yes,Fiber optic,No,Yes,No,No,Yes,Yes,Month-to-month,Yes,Credit card (automatic),99.3,918.75,3540,0,1,55.14,Medium Risk
United States,California,Rocklin,95765,"38.823278, -121.281856",38.823278,-121.281856,Male,No,No,No,22,Yes,No,No,No internet service,No internet service,No internet service,No internet service,No internet service,No internet service,One year,No,Credit card (automatic),20.3,467.15,2768,0,0,5.53,Low Risk
United States,California,Borrego Springs,92004,"33.200369, -116.192313",33.200369,-116.192313,Male,No,No,Yes,40,Yes,No,DSL,Yes,Yes,No,No,No,No,Month-to-month,Yes,Mailed check,55.25,2139.2,2810,1,0,2.18,Low Risk
United States,California,Burbank,91502,"34.177267, -118.31003",34.177267,-118.31003,Female,Yes,Yes,No,35,Yes,Yes,Fiber optic,Yes,Yes,No,Yes,Yes,No,Month-to-month,Yes,Bank transfer (automatic),100.5,3653.35,4745,1,0,40.12,Medium Risk
United States,California,Compton,90220,"33.88151, -118.234451",33.88151,-118.234451,Male,No,No,No,7,Yes,Yes,No,No internet service,No internet service,No internet service,No internet service,No internet service,No internet service,Month-to-month,No,Mailed check,23.5,173.0,5508,0,0,18.39,Low Risk
United States,California,Jolon,93928,"35.930782, -121.189757",35.930782,-121.189757,Male,Yes,No,No,32,Yes,No,No,No internet service,No internet service,No internet service,No internet service,No internet service,No internet service,One year,No,Credit card (automatic),19.8,587.7,3836,0,0,9.77,Low Risk
United States,California,Valencia,91355,"34.43987, -118.644609",34.43987,-118.644609,Male,No,No,Yes,61,Yes,No,No,No internet service,No internet service,No internet service,No internet service,No internet service,No internet service,Two year,No,Mailed check,19.75,1124.2,5411,0,0,0.08,Low Risk
United States,California,Kettleman City,93239,"35.996923, -120.000951",35.996923,-120.000951,Male,No,No,No,2,Yes,No,No,No internet service,No internet service,No internet service,No internet service,No internet service,No internet service,Month-to-month,No,Mailed check,20.75,44.2,3976,0,0,17.64,Low Risk
United States,California,Cazadero,95421,"38.578807, -123.19338",38.578807,-123.19338,Female,No,Yes,No,56,Yes,Yes,Fiber optic,No,No,Yes,Yes,Yes,Yes,Two year,No,Bank transfer (automatic),103.2,5744.35,4534,0,0,21.5,Low Risk
United States,California,Chico,95928,"39.681488, -121.83721",39.681488,-121.83721,Female,Yes,Yes,No,65,Yes,Yes,Fiber optic,No,Yes,Yes,No,Yes,Yes,One year,Yes,Electronic check,106.25,6979.8,5965,1,1,55.5,Medium Risk
United States,California,San Diego,92114,"32.707892, -117.05512",32.707892,-117.05512,Female,No,Yes,Yes,28,Yes,Yes,DSL,No,No,No,No,No,No,Month-to-month,No,Mailed check,49.9,1410.25,5250,0,0,18.96,Low Risk
United States,California,Sacramento,95819,"38.567594, -121.437507",38.567594,-121.437507,Male,No,No,No,18,Yes,Yes,DSL,Yes,No,Yes,No,Yes,No,Month-to-month,No,Mailed check,69.5,1199.4,4466,0,1,61.4,Medium Risk
United States,California,Lakewood,90715,"33.841027, -118.078097",33.841027,-118.078097,Female,No,Yes,Yes,71,Yes,Yes,DSL,Yes,Yes,Yes,Yes,Yes,Yes,Two year,Yes,Credit card (automatic),90.55,6239.05,6009,0,0,0.77,Low Risk
United States,California,San Bernardino,92407,"34.250069, -117.393949",34.250069,-117.393949,Male,No,No,No,72,Yes,Yes,DSL,No,Yes,Yes,Yes,Yes,Yes,Two year,Yes,Bank transfer (automatic),88.6,6201.95,5842,0,0,4.08,Low Risk
United States,California,Los Angeles,90017,"34.052842, -118.264495",34.052842,-118.264495,Male,Yes,No,No,1,Yes,Yes,Fiber optic,No,No,No,No,No,No,Month-to-month,Yes,Electronic check,76.45,76.45,3763,1,1,91.58,High Risk
United States,California,Lancaster,93535,"34.712708, -117.889656",34.712708,-117.889656,Male,No,No,No,1,Yes,No,No,No internet service,No internet service,No internet service,No internet service,No internet service,No internet service,Month-to-month,No,Mailed check,19.75,19.75,4851,1,0,47.36,Medium Risk
United States,California,Palm Springs,92264,"33.745746, -116.514215",33.745746,-116.514215,Female,No,No,No,34,Yes,No,No,No internet service,No internet service,No internet service,No internet service,No internet service,No internet service,Month-to-month,No,Mailed check,20.35,673.2,2864,0,0,10.69,Low Risk
United States,California,Pollock Pines,95726,"38.733908, -120.453416",38.733908,-120.453416,Female,No,No,No,8,Yes,Yes,Fiber optic,No,No,No,No,Yes,No,Month-to-month,Yes,Electronic check,87.05,762.1,2545,1,1,75.24,High Risk
United States,California,Corona,92882,"33.819385, -117.600213",33.819385,-117.600213,Female,No,No,No,47,Yes,Yes,Fiber optic,No,Yes,Yes,No,Yes,Yes,Month-to-month,Yes,Electronic check,106.4,5127.95,4804,1,1,58.44,Medium Risk
United States,California,Orick,95555,"41.336354, -124.044354",41.336354,-124.044354,Female,No,Yes,Yes,72,Yes,Yes,No,No internet service,No internet service,No internet service,No internet service,No internet service,No internet service,Two year,Yes,Bank transfer (automatic),24.05,1709.15,4755,0,0,0.19,Low Risk
United States,California,Death Valley,92328,"36.27688, -117.033326",36.27688,-117.033326,Female,No,Yes,No,52,Yes,Yes,No,No internet service,No internet service,No internet service,No internet service,No internet service,No internet service,Two year,Yes,Bank transfer (automatic),25.05,1270.25,5674,0,0,2.69,Low Risk
United States,California,Livingston,95334,"37.361987, -120.748394",37.361987,-120.748394,Male,No,No,No,3,Yes,No,No,No internet service,No internet service,No internet service,No internet service,No internet service,No internet service,Month-to-month,No,Mailed check,19.85,64.55,2158,1,0,19.76,Low Risk
United States,California,Downey,90240,"33.956228, -118.120993",33.956228,-118.120993,Female,No,Yes,No,60,No,No phone service,DSL,Yes,Yes,No,Yes,No,No,Two year,No,Bank transfer (automatic),37.7,2288.7,5148,0,0,1.87,Low Risk
United States,California,Twentynine Palms,92278,"34.457829, -116.139589",34.457829,-116.139589,Female,No,No,No,3,Yes,Yes,Fiber optic,No,No,No,No,Yes,Yes,Month-to-month,Yes,Electronic check,96.6,291.9,3260,1,1,87.82,High Risk
United States,California,Modesto,95356,"37.716186, -121.025836",37.716186,-121.025836,Male,No,No,No,19,Yes,Yes,Fiber optic,No,No,No,No,No,Yes,Month-to-month,Yes,Bank transfer (automatic),86.0,1532.45,4857,1,1,75.71,High Risk
United States,California,Lakeport,95453,"39.080469, -122.955176",39.080469,-122.955176,Male,No,No,No,1,Yes,No,Fiber optic,No,No,No,No,No,No,Month-to-month,Yes,Electronic check,69.9,69.9,3358,0,1,91.11,High Risk
United States,California,Frazier Park,93222,"34.907911, -119.234281",34.907911,-119.234281,Female,No,Yes,No,6,Yes,Yes,Fiber optic,No,Yes,Yes,No,Yes,Yes,Month-to-month,Yes,Electronic check,105.3,545.2,4163,1,1,84.62,High Risk
United States,California,Los Angeles,90026,"34.078991, -118.263804",34.078991,-118.263804,Male,No,Yes,Yes,49,Yes,No,DSL,Yes,Yes,No,Yes,No,No,Month-to-month,No,Credit card (automatic),59.6,2970.3,4986,0,0,2.22,Low Risk
United States,California,Avenal,93204,"35.916943, -120.129921",35.916943,-120.129921,Male,Yes,No,No,22,Yes,Yes,Fiber optic,No,No,No,Yes,Yes,No,Month-to-month,Yes,Bank transfer (automatic),90.5,1910.6,5014,1,1,92.7,High Risk
United States,California,Auburn,95603,"38.912881, -121.082766",38.912881,-121.082766,Female,No,Yes,Yes,42,Yes,No,No,No internet service,No internet service,No internet service,No internet service,No internet service,No internet service,One year,Yes,Electronic check,19.05,761.85,5091,0,0,1.21,Low Risk
United States,California,Castroville,95012,"36.784481, -121.759054",36.784481,-121.759054,Male,Yes,Yes,No,46,Yes,Yes,Fiber optic,No,No,Yes,No,Yes,Yes,Month-to-month,Yes,Electronic check,98.85,4564.9,2641,0,1,60.94,Medium Risk
United States,California,Palmdale,93550,"34.536232, -118.082935",34.536232,-118.082935,Male,No,No,No,68,No,No phone service,DSL,No,No,Yes,No,No,Yes,Month-to-month,Yes,Bank transfer (automatic),39.9,2796.35,6270,0,0,44.39,Medium Risk
United States,California,Manteca,95336,"37.830267, -121.201018",37.830267,-121.201018,Female,No,No,Yes,2,Yes,No,No,No internet service,No internet service,No internet service,No internet service,No internet service,No internet service,One year,No,Bank transfer (automatic),20.5,38.25,4486,0,0,1.62,Low Risk
United States,California,Independence,93526,"36.869584, -118.189241",36.869584,-118.189241,Male,No,No,No,0,Yes,No,No,No internet service,No internet service,No internet service,No internet service,No internet service,No internet service,Two year,No,Mailed check,20.25,,5504,0,0,16.88,Low Risk
United States,California,Deer Park,94576,"38.554383, -122.474773",38.554383,-122.474773,Female,No,Yes,Yes,35,Yes,Yes,DSL,Yes,No,Yes,Yes,Yes,No,Month-to-month,No,Electronic check,72.25,2568.55,5898,1,0,19.18,Low Risk
United States,California,San Gregorio,94074,"37.331762, -122.341444",37.331762,-122.341444,Female,No,No,No,2,Yes,No,No,No internet service,No internet service,No internet service,No internet service,No internet service,No internet service,Month-to-month,No,Mailed check,19.5,27.55,4836,0,0,13.63,Low Risk
United States,California,Nipton,92364,"35.478736, -115.516984",35.478736,-115.516984,Male,No,Yes,Yes,68,Yes,No,DSL,Yes,Yes,Yes,Yes,No,No,Two year,No,Credit card (automatic),62.65,4375.8,5215,0,0,0.14,Low Risk
United States,California,San Francisco,94123,"37.800254, -122.436975",37.800254,-122.436975,Male,No,Yes,No,16,Yes,Yes,Fiber optic,No,No,No,No,No,No,Month-to-month,Yes,Electronic check,75.4,1189.4,5432,0,1,91.68,High Risk
United States,California,Lytle Creek,92358,"34.238162, -117.534306",34.238162,-117.534306,Male,No,Yes,No,72,Yes,Yes,Fiber optic,Yes,No,Yes,Yes,Yes,Yes,Two year,Yes,Credit card (automatic),110.9,8240.85,4938,0,0,14.47,Low Risk
United States,California,Lynwood,90262,"33.923573, -118.200669",33.923573,-118.200669,Male,No,Yes,No,37,Yes,Yes,Fiber optic,No,No,Yes,Yes,Yes,No,Two year,No,Mailed check,94.3,3460.95,2615,0,0,46.04,Medium Risk
United States,California,Mc Kittrick,93251,"35.38381, -119.730885",35.38381,-119.730885,Male,No,Yes,Yes,53,Yes,Yes,No,No internet service,No internet service,No internet service,No internet service,No internet service,No internet service,Two year,No,Credit card (automatic),25.55,1336.1,5794,0,0,0.72,Low Risk
United States,California,Clements,95227,"38.227285, -121.02789",38.227285,-121.02789,Female,No,No,No,40,Yes,Yes,Fiber optic,No,No,No,No,No,Yes,Month-to-month,No,Bank transfer (automatic),83.85,3532.25,4294,0,1,62.75,Medium Risk
United States,California,Beverly Hills,90211,"34.063947, -118.383001",34.063947,-118.383001,Female,No,No,No,46,Yes,Yes,Fiber optic,No,Yes,Yes,No,No,Yes,One year,Yes,Electronic check,94.15,4408.45,3924,0,0,19.05,Low Risk
United States,California,Stockton,95210,"38.033219, -121.297433",38.033219,-121.297433,Male,No,No,No,3,Yes,Yes,Fiber optic,No,No,Yes,No,Yes,Yes,Month-to-month,Yes,Electronic check,100.95,329.95,5351,1,1,89.98,High Risk
United States,California,Sunset Beach,90742,"33.719221, -118.073596",33.719221,-118.073596,Female,No,No,No,1,Yes,No,Fiber optic,No,No,Yes,No,No,No,Month-to-month,No,Electronic check,75.3,75.3,2176,1,1,64.27,Medium Risk
United States,California,Hayward,94541,"37.674002, -122.076796",37.674002,-122.076796,Male,No,No,No,7,Yes,No,No,No internet service,No internet service,No internet service,No internet service,No internet service,No internet service,Month-to-month,No,Electronic check,19.25,112.3,4489,1,1,54.08,Medium Risk
United States,California,Lakewood,90713,"33.847755, -118.112532",33.847755,-118.112532,Male,No,No,No,6,No,No phone service,DSL,No,Yes,No,No,No,No,Month-to-month,Yes,Credit card (automatic),30.5,208.7,4667,1,1,81.94,High Risk
United States,California,Buellton,93427,"34.631362, -120.238218",34.631362,-120.238218,Male,No,No,No,46,Yes,Yes,Fiber optic,Yes,No,No,No,Yes,No,Month-to-month,Yes,Credit card (automatic),89.15,4245.55,5593,0,1,62.85,Medium Risk
United States,California,San Diego,92119,"32.802959, -117.027095",32.802959,-117.027095,Female,No,Yes,No,54,Yes,Yes,DSL,No,No,No,No,Yes,Yes,One year,Yes,Credit card (automatic),70.15,3715.65,4596,1,0,25.19,Low Risk
United States,California,Lake Forest,92630,"33.644849, -117.684254",33.644849,-117.684254,Male,Yes,No,No,15,Yes,No,Fiber optic,No,No,No,No,No,Yes,Month-to-month,Yes,Electronic check,79.4,1156.1,3621,1,1,83.84,High Risk
United States,California,Los Angeles,90047,"33.958149, -118.308441",33.958149,-118.308441,Male,No,No,No,3,Yes,Yes,Fiber optic,No,No,No,No,No,Yes,Month-to-month,Yes,Electronic check,85.3,264.8,4934,1,1,88.49,High Risk
United States,California,Irvine,92604,"33.688546, -117.788091",33.688546,-117.788091,Male,No,Yes,Yes,70,Yes,No,No,No internet service,No internet service,No internet service,No internet service,No internet service,No internet service,Two year,No,Credit card (automatic),20.05,1360.25,4485,0,0,0.04,Low Risk
United States,California,Fresno,93704,"36.799648, -119.801247",36.799648,-119.801247,Male,No,No,Yes,39,Yes,Yes,Fiber optic,No,No,No,Yes,Yes,Yes,Two year,No,Mailed check,100.55,3895.35,3124,0,0,4.86,Low Risk
United States,California,Highland,92346,"34.129677, -117.154277",34.129677,-117.154277,Male,No,Yes,No,2,Yes,No,No,No internet service,No internet service,No internet service,No internet service,No internet service,No internet service,Month-to-month,No,Mailed check,20.0,38.0,4823,0,1,65.65,Medium Risk
United States,California,Yucca Valley,92284,"34.159534, -116.425984",34.159534,-116.425984,Male,No,No,No,18,Yes,Yes,Fiber optic,No,No,No,No,No,No,Month-to-month,Yes,Bank transfer (automatic),75.6,1395.05,4030,0,1,58.62,Medium Risk
United States,California,Simi Valley,93065,"34.269449, -118.768471",34.269449,-118.768471,Male,Yes,No,No,72,Yes,Yes,No,No internet service,No internet service,No internet service,No internet service,No internet service,No internet service,Two year,Yes,Credit card (automatic),25.1,1789.9,5751,0,0,1.26,Low Risk
United States,California,Los Olivos,93441,"34.70434, -120.02609",34.70434,-120.02609,Male,No,No,Yes,47,Yes,No,DSL,Yes,Yes,No,No,No,No,Month-to-month,Yes,Electronic check,55.3,2654.05,5491,0,0,3.11,Low Risk
United States,California,Manteca,95337,"37.750822, -121.238423",37.750822,-121.238423,Female,No,Yes,Yes,22,Yes,No,No,No internet service,No internet service,No internet service,No internet service,No internet service,No internet service,Month-to-month,No,Mailed check,19.9,400.3,5657,0,0,1.72,Low Risk
United States,California,Petrolia,95558,"40.274302, -124.210902",40.274302,-124.210902,Male,No,Yes,Yes,71,Yes,Yes,DSL,Yes,Yes,Yes,Yes,Yes,Yes,Two year,No,Credit card (automatic),89.9,6457.15,4444,0,0,0.47,Low Risk
United States,California,Pasadena,91107,"34.159007, -118.087353",34.159007,-118.087353,Male,No,No,No,8,Yes,Yes,Fiber optic,No,No,No,No,No,No,Month-to-month,Yes,Electronic check,74.85,572.45,5514,0,1,95.09,High Risk
United States,California,Downey,90240,"33.956228, -118.120993",33.956228,-118.120993,Female,No,Yes,Yes,71,Yes,No,No,No internet service,No internet service,No internet service,No internet service,No internet service,No internet service,Two year,No,Bank transfer (automatic),19.9,1389.35,5789,0,0,0.09,Low Risk
United States,California,Callahan,96014,"41.388397, -122.794636",41.388397,-122.794636,Female,No,No,No,53,Yes,No,Fiber optic,No,Yes,Yes,Yes,No,Yes,One year,Yes,Credit card (automatic),94.45,5042.75,5452,0,0,18.15,Low Risk
United States,California,El Cajon,92019,"32.785165, -116.862648",32.785165,-116.862648,Male,Yes,Yes,No,37,Yes,No,Fiber optic,No,No,No,No,No,No,Month-to-month,Yes,Bank transfer (automatic),72.25,2575.45,4121,0,1,68.19,Medium Risk
United States,California,Hemet,92545,"33.734933, -117.044145",33.734933,-117.044145,Male,No,Yes,No,64,Yes,Yes,DSL,No,Yes,No,Yes,No,Yes,One year,Yes,Mailed check,70.15,4480.7,5037,0,0,5.82,Low Risk
United States,California,Richmond,94805,"37.941456, -122.320968",37.941456,-122.320968,Male,No,No,Yes,5,Yes,No,DSL,No,No,No,Yes,No,No,Month-to-month,Yes,Bank transfer (automatic),48.65,235.2,3307,0,1,58.63,Medium Risk
United States,California,Stockton,95210,"38.033219, -121.297433",38.033219,-121.297433,Female,No,No,No,60,Yes,Yes,Fiber optic,No,Yes,Yes,No,Yes,Yes,Two year,No,Electronic check,104.7,6333.8,6186,0,0,19.11,Low Risk
United States,California,Elk,95432,"39.108252, -123.645121",39.108252,-123.645121,Male,No,No,No,2,Yes,No,DSL,No,Yes,No,No,No,No,Month-to-month,Yes,Mailed check,50.3,92.75,5870,0,1,76.32,High Risk
United States,California,Arcata,95521,"40.839958, -124.003757",40.839958,-124.003757,Female,No,No,No,25,No,No phone service,DSL,No,No,Yes,Yes,Yes,Yes,One year,No,Electronic check,54.2,1423.15,4458,0,0,31.87,Low Risk
United States,California,Long Beach,90807,"33.830099, -118.182239",33.830099,-118.182239,Female,No,Yes,Yes,6,Yes,No,No,No internet service,No internet service,No internet service,No internet service,No internet service,No internet service,Month-to-month,No,Mailed check,19.7,113.5,4293,0,0,26.5,Low Risk
United States,California,Sun Valley,91352,"34.231053, -118.338307",34.231053,-118.338307,Male,No,Yes,Yes,60,Yes,Yes,Fiber optic,Yes,No,Yes,Yes,Yes,Yes,Two year,Yes,Electronic check,110.6,6586.85,5756,0,0,7.7,Low Risk
United States,California,Silverado,92676,"33.782346, -117.635263",33.782346,-117.635263,Female,No,No,No,30,Yes,Yes,Fiber optic,No,Yes,No,No,Yes,Yes,Month-to-month,Yes,Electronic check,100.2,2983.8,3598,1,1,90.1,High Risk
United States,California,Knights Landing,95645,"38.875508, -121.765866",38.875508,-121.765866,Male,No,No,No,67,No,No phone service,DSL,Yes,No,Yes,Yes,Yes,No,One year,Yes,Bank transfer (automatic),49.35,3321.35,5905,0,0,4.08,Low Risk
United States,California,San Andreas,95249,"38.196497, -120.61689",38.196497,-120.61689,Male,No,No,No,53,Yes,Yes,No,No internet service,No internet service,No internet service,No internet service,No internet service,No internet service,One year,No,Bank transfer (automatic),24.05,1301.9,4865,0,0,2.43,Low Risk
United States,California,Los Angeles,90020,"34.066367, -118.309868",34.066367,-118.309868,Female,No,Yes,No,10,Yes,No,DSL,No,No,Yes,Yes,No,No,Month-to-month,No,Credit card (automatic),55.2,528.35,5925,1,1,67.12,Medium Risk
United States,California,Bass Lake,93604,"37.458367, -119.345011",37.458367,-119.345011,Female,No,No,No,1,Yes,No,DSL,No,No,No,Yes,No,No,Month-to-month,Yes,Electronic check,52.2,52.2,4138,1,1,60.23,Medium Risk
United States,California,Susanville,96130,"40.559177, -120.612113",40.559177,-120.612113,Male,No,Yes,No,55,No,No phone service,DSL,No,No,Yes,Yes,Yes,Yes,Month-to-month,Yes,Bank transfer (automatic),54.55,2978.3,6041,1,1,55.39,Medium Risk
United States,California,Tulare,93274,"36.185471, -119.375243",36.185471,-119.375243,Female,No,No,No,70,Yes,Yes,DSL,Yes,Yes,Yes,No,Yes,Yes,Two year,No,Mailed check,84.7,5991.05,4180,0,0,4.62,Low Risk
United States,California,Petaluma,94952,"38.237018, -122.77872",38.237018,-122.77872,Female,No,Yes,No,34,Yes,No,DSL,No,No,No,Yes,No,No,Month-to-month,No,Bank transfer (automatic),50.2,1815.3,4352,0,0,13.59,Low Risk
United States,California,Pioneer,95666,"38.546999, -120.271114",38.546999,-120.271114,Female,No,No,No,68,Yes,Yes,Fiber optic,Yes,Yes,No,Yes,Yes,Yes,Two year,No,Credit card (automatic),110.25,7279.35,5502,0,0,10.88,Low Risk
United States,California,Oakland,94602,"37.803883, -122.208417",37.803883,-122.208417,Female,No,Yes,No,59,Yes,Yes,Fiber optic,Yes,Yes,Yes,No,Yes,Yes,One year,Yes,Credit card (automatic),109.15,6557.75,5186,0,0,37.78,Low Risk
United States,California,River Pines,95675,"38.545775, -120.743325",38.545775,-120.743325,Female,No,No,No,9,Yes,No,Fiber optic,Yes,No,No,No,No,No,Month-to-month,Yes,Electronic check,74.85,708.2,5770,0,1,70.02,High Risk
United States,California,Lancaster,93536,"34.741406, -118.38111",34.741406,-118.38111,Male,No,No,No,6,Yes,No,Fiber optic,No,No,No,No,Yes,No,Month-to-month,Yes,Credit card (automatic),80.5,463.05,2181,1,1,87.94,High Risk
United States,California,Tracy,95376,"37.680968, -121.446049",37.680968,-121.446049,Male,No,Yes,No,50,Yes,Yes,Fiber optic,Yes,No,Yes,No,Yes,Yes,One year,Yes,Electronic check,103.95,5231.3,4363,0,0,47.61,Medium Risk
United States,California,Merced,95348,"37.40122, -120.514191",37.40122,-120.514191,Female,Yes,Yes,No,72,Yes,Yes,DSL,Yes,Yes,Yes,Yes,Yes,Yes,Two year,No,Credit card (automatic),92.45,6440.25,5697,1,0,1.57,Low Risk
United States,California,Nicasio,94946,"38.065359, -122.665566",38.065359,-122.665566,Male,Yes,Yes,No,41,No,No phone service,DSL,No,Yes,Yes,No,Yes,Yes,Month-to-month,Yes,Electronic check,53.95,2215.4,3920,0,1,66.1,Medium Risk
United States,California,San Diego,92110,"32.76501, -117.19938",32.76501,-117.19938,Male,No,No,No,4,Yes,No,DSL,No,No,No,Yes,No,No,Month-to-month,Yes,Mailed check,50.8,202.3,4521,0,1,71.61,High Risk
United States,California,Georgetown,95634,"38.9386, -120.785514",38.9386,-120.785514,Male,No,Yes,Yes,47,No,No phone service,DSL,Yes,No,Yes,Yes,No,No,One year,No,Electronic check,40.3,1794.8,5040,0,0,1.41,Low Risk
United States,California,Oakland,94603,"37.739113, -122.175602",37.739113,-122.175602,Male,No,Yes,Yes,62,Yes,Yes,Fiber optic,Yes,Yes,No,No,Yes,No,One year,Yes,Credit card (automatic),94.95,5791.85,4262,0,0,2.44,Low Risk
United States,California,Thermal,92274,"33.53604, -116.119222",33.53604,-116.119222,Female,No,Yes,Yes,18,Yes,No,No,No internet service,No internet service,No internet service,No internet service,No internet service,No internet service,Month-to-month,No,Mailed check,20.45,357.0,2047,0,0,7.92,Low Risk
United States,California,San Francisco,94123,"37.800254, -122.436975",37.800254,-122.436975,Female,No,Yes,No,3,Yes,Yes,Fiber optic,No,No,No,No,No,No,Month-to-month,Yes,Electronic check,75.85,256.6,4062,1,1,94.21,High Risk
United States,California,Bakersfield,93304,"35.339796, -119.023552",35.339796,-119.023552,Male,No,No,No,65,Yes,Yes,No,No internet service,No internet service,No internet service,No internet service,No internet service,No internet service,Two year,Yes,Bank transfer (automatic),25.1,1725.0,5449,0,0,0.62,Low Risk
United States,California,Pebble Beach,93953,"36.587497, -121.944815",36.587497,-121.944815,Male,No,Yes,No,59,Yes,Yes,Fiber optic,No,No,No,No,No,Yes,One year,No,Electronic check,85.55,5084.65,6304,1,0,33.03,Low Risk
United States,California,Volcano,95689,"38.481902, -120.603668",38.481902,-120.603668,Female,No,No,No,60,Yes,No,DSL,No,Yes,Yes,Yes,Yes,No,One year,Yes,Credit card (automatic),70.15,4224.7,4260,0,0,3.49,Low Risk
United States,California,Vacaville,95688,"38.419088, -122.024568",38.419088,-122.024568,Female,No,No,No,10,Yes,No,No,No internet service,No internet service,No internet service,No internet service,No internet service,No internet service,Month-to-month,Yes,Mailed check,20.55,187.35,3595,0,0,19.02,Low Risk
United States,California,Long Beach,90803,"33.760458, -118.129725",33.760458,-118.129725,Male,No,Yes,No,7,No,No phone service,DSL,Yes,Yes,Yes,No,No,No,Two year,No,Mailed check,38.55,280.0,3345,0,0,27.72,Low Risk
United States,California,Richmond,94804,"37.921034, -122.341798",37.921034,-122.341798,Male,No,No,No,28,Yes,No,Fiber optic,No,No,Yes,Yes,No,Yes,Month-to-month,No,Electronic check,91.0,2626.15,2448,0,1,77.07,High Risk
United States,California,Acton,93510,"34.501452, -118.207862",34.501452,-118.207862,Male,Yes,Yes,No,29,Yes,Yes,Fiber optic,No,No,No,Yes,No,No,Month-to-month,Yes,Electronic check,79.3,2414.55,3172,0,1,58.99,Medium Risk
United States,California,La Verne,91750,"34.144703, -117.770299",34.144703,-117.770299,Male,No,Yes,Yes,0,Yes,No,No,No internet service,No internet service,No internet service,No internet service,No internet service,No internet service,One year,Yes,Mailed check,19.7,,4890,0,0,3.38,Low Risk
United States,California,Blythe,92225,"33.674583, -114.71612",33.674583,-114.71612,Female,No,No,No,37,Yes,Yes,DSL,Yes,No,No,No,Yes,No,One year,No,Bank transfer (automatic),64.65,2347.85,5255,0,0,12.87,Low Risk
United States,California,Campo Seco,95226,"38.233879, -120.861666",38.233879,-120.861666,Female,No,Yes,Yes,45,Yes,Yes,No,No internet service,No internet service,No internet service,No internet service,No internet service,No internet service,Two year,Yes,Bank transfer (automatic),24.65,1138.8,3043,0,0,1.07,Low Risk
United States,California,Carpinteria,93013,"34.441398, -119.513163",34.441398,-119.513163,Male,No,Yes,No,61,Yes,Yes,DSL,No,Yes,Yes,No,Yes,Yes,One year,Yes,Electronic check,79.8,4914.8,6432,0,0,23.68,Low Risk
United States,California,Ontario,91761,"34.035602, -117.591528",34.035602,-117.591528,Female,No,Yes,No,64,Yes,No,No,No internet service,No internet service,No internet service,No internet service,No internet service,No internet service,Two year,No,Credit card (automatic),19.45,1208.6,5628,0,0,1.71,Low Risk
United States,California,Forks Of Salmon,96031,"41.232128, -123.194748",41.232128,-123.194748,Male,No,Yes,Yes,63,Yes,Yes,Fiber optic,No,Yes,No,No,No,Yes,One year,Yes,Electronic check,91.35,5764.7,4512,0,0,3.09,Low Risk
United States,California,Whittier,90602,"33.972119, -118.020188",33.972119,-118.020188,Female,Yes,Yes,Yes,37,Yes,Yes,Fiber optic,No,No,No,No,No,No,Month-to-month,Yes,Electronic check,76.5,2868.15,2793,1,0,32.07,Low Risk
United States,California,Salinas,93908,"36.624338, -121.615669",36.624338,-121.615669,Female,Yes,Yes,No,72,Yes,Yes,No,No internet service,No internet service,No internet service,No internet service,No internet service,No internet service,Two year,No,Bank transfer (automatic),24.3,1778.7,4397,0,0,0.98,Low Risk
United States,California,Mission Viejo,92691,"33.611945, -117.665867",33.611945,-117.665867,Female,No,Yes,No,66,Yes,Yes,DSL,Yes,Yes,Yes,Yes,Yes,Yes,Two year,No,Credit card (automatic),89.9,5958.85,4082,0,0,3.14,Low Risk
United States,California,Santa Cruz,95060,"36.993451, -122.098858",36.993451,-122.098858,Female,No,No,No,1,Yes,Yes,Fiber optic,No,No,No,No,Yes,Yes,Month-to-month,No,Mailed check,95.65,95.65,3473,1,1,90.56,High Risk
United States,California,Scotts Valley,95066,"37.070177, -122.010077",37.070177,-122.010077,Female,No,Yes,No,9,Yes,No,Fiber optic,No,No,No,No,No,Yes,Month-to-month,Yes,Electronic check,79.75,769.1,4654,0,1,88.0,High Risk
United States,California,San Diego,92128,"33.000269, -117.072093",33.000269,-117.072093,Male,No,No,No,1,No,No phone service,DSL,No,No,No,No,No,No,Month-to-month,No,Mailed check,25.35,25.35,4193,0,1,81.89,High Risk
United States,California,Pleasant Grove,95668,"38.833554, -121.498102",38.833554,-121.498102,Female,Yes,No,No,4,Yes,No,Fiber optic,No,Yes,Yes,No,Yes,Yes,Month-to-month,Yes,Credit card (automatic),99.8,442.85,2268,1,1,95.68,High Risk
United States,California,Lotus,95651,"38.815515, -120.916997",38.815515,-120.916997,Female,Yes,Yes,No,38,Yes,Yes,Fiber optic,No,No,No,No,No,No,Month-to-month,Yes,Bank transfer (automatic),74.95,2869.85,5165,1,1,91.75,High Risk
United States,California,Chino Hills,91709,"33.942895, -117.725644",33.942895,-117.725644,Male,No,Yes,Yes,44,Yes,No,DSL,No,Yes,Yes,Yes,No,No,Month-to-month,Yes,Mailed check,61.9,2924.05,4388,0,0,1.97,Low Risk
United States,California,Sequoia National Park,93262,"36.527243, -118.594938",36.527243,-118.594938,Female,No,Yes,No,22,Yes,No,DSL,No,Yes,Yes,No,No,No,Month-to-month,Yes,Mailed check,54.7,1178.75,5722,0,0,42.27,Medium Risk
United States,California,San Francisco,94122,"37.760412, -122.484966",37.760412,-122.484966,Female,No,No,No,53,Yes,Yes,Fiber optic,Yes,No,Yes,No,Yes,Yes,One year,Yes,Credit card (automatic),106.95,5785.5,5550,1,0,36.71,Low Risk
United States,California,Albion,95410,"39.225694, -123.717354",39.225694,-123.717354,Male,Yes,Yes,No,23,Yes,No,Fiber optic,No,No,No,No,Yes,Yes,Month-to-month,Yes,Electronic check,90.45,2117.25,5272,0,1,77.68,High Risk
United States,California,San Geronimo,94963,"38.00474, -122.663717",38.00474,-122.663717,Female,No,No,No,20,Yes,No,No,No internet service,No internet service,No internet service,No internet service,No internet service,No internet service,Month-to-month,Yes,Credit card (automatic),18.9,347.65,4277,0,0,19.97,Low Risk
United States,California,Hercules,94547,"37.991259, -122.214945",37.991259,-122.214945,Male,No,No,No,51,Yes,Yes,No,No internet service,No internet service,No internet service,No internet service,No internet service,No internet service,Two year,No,Mailed check,24.75,1234.6,5080,0,0,1.11,Low Risk
United States,California,Hayward,94544,"37.639215, -122.037554",37.639215,-122.037554,Male,No,Yes,Yes,62,Yes,No,No,No internet service,No internet service,No internet service,No internet service,No internet service,No internet service,Two year,No,Credit card (automatic),20.65,1218.45,6403,0,0,1.12,Low Risk
United States,California,Glenhaven,95443,"39.045246, -122.743181",39.045246,-122.743181,Male,No,No,No,7,Yes,No,No,No internet service,No internet service,No internet service,No internet service,No internet service,No internet service,Month-to-month,Yes,Mailed check,18.95,130.55,4097,0,0,12.77,Low Risk
United States,California,Rancho Santa Fe,92067,"33.012751, -117.200617",33.012751,-117.200617,Female,No,No,No,17,Yes,No,Fiber optic,No,Yes,No,No,Yes,No,Month-to-month,Yes,Electronic check,83.55,1329.15,5564,0,1,74.98,High Risk
United States,California,Fresno,93726,"36.793601, -119.761131",36.793601,-119.761131,Male,No,No,Yes,41,Yes,No,DSL,Yes,Yes,Yes,No,Yes,No,One year,No,Mailed check,70.2,2894.55,5365,0,0,1.71,Low Risk
United States,California,Los Angeles,90022,"34.02381, -118.156582",34.02381,-118.156582,Female,No,No,No,7,Yes,No,Fiber optic,No,Yes,No,No,Yes,Yes,One year,Yes,Mailed check,94.05,633.45,5545,0,1,68.45,Medium Risk
United States,California,Sacramento,95814,"38.584505, -121.491956",38.584505,-121.491956,Male,No,No,Yes,1,Yes,Yes,DSL,No,No,No,No,No,No,Month-to-month,Yes,Electronic check,50.05,50.05,5523,0,1,59.3,Medium Risk
United States,California,Irvine,92606,"33.703976, -117.824172",33.703976,-117.824172,Female,No,Yes,No,64,Yes,Yes,DSL,No,No,Yes,Yes,No,No,One year,No,Bank transfer (automatic),58.35,3756.45,5331,0,0,1.87,Low Risk
United States,California,Fellows,93224,"35.215731, -119.57013",35.215731,-119.57013,Female,No,No,No,3,Yes,Yes,Fiber optic,No,No,No,No,No,No,Month-to-month,Yes,Electronic check,75.5,220.6,5948,1,1,86.48,High Risk
United States,California,Herald,95638,"38.313447, -121.123886",38.313447,-121.123886,Female,Yes,Yes,No,50,Yes,No,Fiber optic,No,No,No,No,No,No,Month-to-month,Yes,Electronic check,71.05,3444.85,5746,1,0,27.82,Low Risk
United States,California,Stockton,95207,"38.002125, -121.324979",38.002125,-121.324979,Male,No,Yes,No,18,Yes,Yes,DSL,No,Yes,No,No,No,No,Month-to-month,No,Credit card (automatic),56.8,1074.65,5558,0,0,47.84,Medium Risk
United States,California,Phelan,92371,"34.441123, -117.537886",34.441123,-117.537886,Female,No,Yes,No,13,Yes,No,DSL,No,No,No,No,No,Yes,Month-to-month,No,Electronic check,55.95,734.35,4498,1,1,63.03,Medium Risk
United States,California,San Francisco,94124,"37.731505, -122.384532",37.731505,-122.384532,Male,No,Yes,Yes,69,Yes,No,DSL,Yes,Yes,No,Yes,Yes,Yes,Two year,No,Bank transfer (automatic),80.65,5542.55,4618,0,0,0.42,Low Risk
United States,California,Burbank,91504,"34.213049, -118.317651",34.213049,-118.317651,Female,No,No,No,1,Yes,Yes,Fiber optic,No,Yes,No,No,No,No,Month-to-month,Yes,Mailed check,79.15,79.15,2742,0,1,82.26,High Risk
United States,California,Clipper Mills,95930,"39.562239, -121.14836",39.562239,-121.14836,Male,No,No,No,4,Yes,Yes,Fiber optic,Yes,No,No,No,Yes,No,Month-to-month,No,Electronic check,90.65,367.95,3559,0,1,84.87,High Risk
United States,California,Weimar,95736,"39.00978, -120.978273",39.00978,-120.978273,Male,No,No,No,1,Yes,No,DSL,No,No,No,No,Yes,No,Month-to-month,Yes,Mailed check,53.5,53.5,5094,1,1,66.79,Medium Risk
United States,California,Burbank,91505,"34.174215, -118.345928",34.174215,-118.345928,Male,No,Yes,Yes,25,Yes,No,DSL,No,Yes,Yes,No,No,No,One year,No,Mailed check,53.65,1355.45,5854,0,0,1.52,Low Risk
United States,California,North Hollywood,91606,"34.187599, -118.387125",34.187599,-118.387125,Female,No,Yes,Yes,18,Yes,No,DSL,No,No,No,No,Yes,No,Month-to-month,No,Mailed check,55.95,1082.8,2035,0,0,31.49,Low Risk
United States,California,Los Angeles,90057,"34.061918, -118.277939",34.061918,-118.277939,Male,No,Yes,Yes,48,Yes,Yes,No,No internet service,No internet service,No internet service,No internet service,No internet service,No internet service,Two year,No,Mailed check,23.55,1173.35,5019,0,0,0.56,Low Risk
United States,California,Watsonville,95076,"36.931654, -121.752383",36.931654,-121.752383,Male,No,No,No,26,Yes,No,No,No internet service,No internet service,No internet service,No internet service,No internet service,No internet service,One year,Yes,Credit card (automatic),20.65,595.5,2194,0,0,13.45,Low Risk
United States,California,San Diego,92130,"32.957195, -117.202542",32.957195,-117.202542,Male,No,No,No,1,Yes,No,Fiber optic,No,No,No,No,No,No,Month-to-month,Yes,Electronic check,69.1,69.1,5795,1,1,95.82,High Risk
United States,California,Markleeville,96120,"38.735789, -119.85798",38.735789,-119.85798,Female,No,No,Yes,4,No,No phone service,DSL,Yes,Yes,Yes,No,Yes,Yes,Month-to-month,Yes,Mailed check,57.2,223.75,2421,0,0,20.72,Low Risk
United States,California,Los Angeles,90010,"34.062125, -118.315709",34.062125,-118.315709,Male,No,No,No,1,Yes,No,No,No internet service,No internet service,No internet service,No internet service,No internet service,No internet service,Month-to-month,No,Mailed check,20.3,20.3,4270,0,1,61.04,Medium Risk
United States,California,Los Angeles,90056,"33.987945, -118.370442",33.987945,-118.370442,Male,No,Yes,No,11,Yes,Yes,Fiber optic,No,No,No,No,No,No,Month-to-month,Yes,Electronic check,74.35,834.2,5075,1,1,96.55,High Risk
United States,California,Sunset Beach,90742,"33.719221, -118.073596",33.719221,-118.073596,Male,No,Yes,Yes,4,Yes,No,DSL,No,No,No,Yes,No,Yes,Month-to-month,No,Credit card (automatic),61.45,229.55,2131,1,0,8.95,Low Risk
United States,California,Fellows,93224,"35.215731, -119.57013",35.215731,-119.57013,Female,Yes,No,No,8,Yes,No,No,No internet service,No internet service,No internet service,No internet service,No internet service,No internet service,Month-to-month,No,Electronic check,19.65,164.3,5432,1,0,32.78,Low Risk
United States,California,Fresno,93710,"36.822715, -119.761826",36.822715,-119.761826,Female,No,Yes,No,6,Yes,Yes,Fiber optic,No,Yes,No,No,No,Yes,Month-to-month,Yes,Electronic check,90.75,512.25,4297,0,1,89.45,High Risk
United States,California,San Francisco,94110,"37.750021, -122.415201",37.750021,-122.415201,Male,No,No,No,72,Yes,Yes,DSL,Yes,Yes,Yes,Yes,Yes,Yes,Two year,No,Bank transfer (automatic),92.0,6632.75,4200,0,0,4.0,Low Risk
United States,California,Llano,93544,"34.500091, -117.765862",34.500091,-117.765862,Female,No,No,No,27,Yes,No,DSL,Yes,Yes,No,No,No,No,Two year,No,Bank transfer (automatic),52.85,1498.65,2842,0,0,2.09,Low Risk
United States,California,Westley,95387,"37.546007, -121.28257",37.546007,-121.28257,Female,Yes,No,No,1,Yes,No,Fiber optic,No,No,No,No,No,No,Month-to-month,Yes,Electronic check,71.0,71.0,5345,1,1,79.92,High Risk
United States,California,Sacramento,95815,"38.608405, -121.449942",38.608405,-121.449942,Female,No,No,No,17,Yes,No,No,No internet service,No internet service,No internet service,No internet service,No internet service,No internet service,One year,No,Mailed check,20.15,353.65,4650,0,0,29.32,Low Risk
United States,California,Los Gatos,95033,"37.160194, -121.945611",37.160194,-121.945611,Male,No,No,No,66,Yes,Yes,DSL,Yes,Yes,Yes,Yes,No,No,Two year,No,Bank transfer (automatic),68.75,4447.55,5454,0,0,0.58,Low Risk
United States,California,Arbuckle,95912,"38.982373, -122.047751",38.982373,-122.047751,Male,No,No,No,53,Yes,No,No,No internet service,No internet service,No internet service,No internet service,No internet service,No internet service,Two year,No,Credit card (automatic),19.5,1050.5,5625,0,0,1.07,Low Risk
United States,California,Pioneertown,92268,"34.201108, -116.593456",34.201108,-116.593456,Male,No,Yes,No,44,Yes,Yes,Fiber optic,Yes,No,Yes,No,No,No,Month-to-month,Yes,Credit card (automatic),84.8,3626.35,2770,0,0,27.15,Low Risk
United States,California,Orleans,95556,"41.269521, -123.546958",41.269521,-123.546958,Male,No,Yes,Yes,52,Yes,No,No,No internet service,No internet service,No internet service,No internet service,No internet service,No internet service,One year,Yes,Credit card (automatic),20.85,1071.6,4886,0,0,0.44,Low Risk
United States,California,Baldwin Park,91706,"34.098275, -117.967399",34.098275,-117.967399,Male,Yes,Yes,No,70,Yes,Yes,DSL,Yes,Yes,Yes,Yes,Yes,Yes,Two year,No,Credit card (automatic),90.05,6333.4,4666,0,0,1.76,Low Risk
United States,California,Hercules,94547,"37.991259, -122.214945",37.991259,-122.214945,Female,No,No,No,1,Yes,Yes,No,No internet service,No internet service,No internet service,No internet service,No internet service,No internet service,Month-to-month,Yes,Mailed check,25.75,25.75,2569,0,0,33.11,Low Risk
United States,California,March Air Reserve Base,92518,"33.888323, -117.277533",33.888323,-117.277533,Male,No,Yes,No,61,Yes,Yes,Fiber optic,No,Yes,No,Yes,Yes,No,Two year,Yes,Electronic check,94.1,5638.3,6295,1,0,32.69,Low Risk
United States,California,Sierraville,96126,"39.559709, -120.345639",39.559709,-120.345639,Male,No,Yes,No,19,Yes,Yes,Fiber optic,No,No,No,Yes,Yes,Yes,One year,Yes,Electronic check,100.95,1875.55,4072,1,1,79.22,High Risk
United States,California,Duarte,91010,"34.145695, -117.95982",34.145695,-117.95982,Female,No,Yes,No,11,Yes,No,No,No internet service,No internet service,No internet service,No internet service,No internet service,No internet service,One year,No,Mailed check,20.6,233.9,4047,0,0,45.75,Medium Risk
United States,California,Modesto,95358,"37.612612, -121.108568",37.612612,-121.108568,Male,No,No,No,26,Yes,No,Fiber optic,No,Yes,No,No,Yes,No,Month-to-month,Yes,Electronic check,85.75,2146.5,3178,0,1,93.39,High Risk
United States,California,Big Bar,96010,"40.775272, -123.287414",40.775272,-123.287414,Female,No,No,No,60,Yes,No,No,No internet service,No internet service,No internet service,No internet service,No internet service,No internet service,Two year,No,Bank transfer (automatic),19.85,1128.1,6213,0,0,0.48,Low Risk
United States,California,Dublin,94568,"37.713926, -121.928425",37.713926,-121.928425,Male,No,No,No,1,Yes,No,Fiber optic,No,No,Yes,No,Yes,No,Month-to-month,Yes,Electronic check,84.85,84.85,3086,1,1,93.28,High Risk
United States,California,Twin Bridges,95735,"38.805481, -120.13287",38.805481,-120.13287,Male,No,No,No,26,Yes,Yes,Fiber optic,Yes,Yes,No,No,Yes,No,Month-to-month,Yes,Credit card (automatic),92.4,2349.8,5461,0,0,36.65,Low Risk
United States,California,Fresno,93701,"36.749403, -119.787574",36.749403,-119.787574,Male,Yes,No,No,24,Yes,Yes,Fiber optic,No,Yes,No,No,No,No,Month-to-month,Yes,Electronic check,80.5,2088.45,4422,0,1,69.22,Medium Risk
United States,California,Boulevard,91905,"32.677097, -116.304991",32.677097,-116.304991,Male,No,Yes,Yes,22,Yes,No,Fiber optic,No,Yes,Yes,No,Yes,Yes,One year,Yes,Mailed check,100.05,2090.25,3274,0,0,15.53,Low Risk
United States,California,San Diego,92117,"32.825086, -117.199424",32.825086,-117.199424,Female,No,Yes,No,51,Yes,Yes,Fiber optic,No,No,Yes,No,Yes,Yes,One year,Yes,Electronic check,98.85,4947.55,6034,0,1,68.81,Medium Risk
United States,California,Helendale,92342,"34.757783, -117.33997",34.757783,-117.33997,Male,Yes,Yes,No,61,Yes,Yes,Fiber optic,No,Yes,No,Yes,No,No,One year,Yes,Bank transfer (automatic),85.55,5251.75,4845,0,0,8.07,Low Risk
United States,California,Torrance,90504,"33.867257, -118.330794",33.867257,-118.330794,Male,No,Yes,No,44,No,No phone service,DSL,No,Yes,Yes,No,Yes,Yes,Two year,No,Bank transfer (automatic),54.3,2390.45,3222,0,0,14.34,Low Risk
United States,California,San Mateo,94401,"37.590421, -122.306467",37.590421,-122.306467,Female,No,Yes,No,0,Yes,No,DSL,Yes,Yes,Yes,No,Yes,Yes,Two year,No,Mailed check,80.85,,2048,0,0,32.0,Low Risk
United States,California,Arcadia,91007,"34.128284, -118.047732",34.128284,-118.047732,Female,No,No,No,5,Yes,No,Fiber optic,No,No,No,Yes,No,No,Month-to-month,Yes,Mailed check,75.65,399.45,2296,0,1,63.41,Medium Risk
United States,California,Placentia,92870,"33.881158, -117.854783",33.881158,-117.854783,Female,No,Yes,No,1,Yes,No,Fiber optic,No,No,No,No,Yes,No,Month-to-month,No,Electronic check,78.8,78.8,5075,1,1,88.09,High Risk
United States,California,Redondo Beach,90277,"33.830453, -118.384565",33.830453,-118.384565,Male,No,No,No,26,Yes,Yes,DSL,Yes,Yes,No,No,No,No,One year,No,Electronic check,61.55,1581.95,5156,0,0,13.66,Low Risk
United States,California,Suisun City,94585,"38.197907, -122.017258",38.197907,-122.017258,Female,No,No,No,15,Yes,Yes,Fiber optic,Yes,No,Yes,No,No,No,Month-to-month,Yes,Credit card (automatic),84.35,1302.65,3314,0,1,62.41,Medium Risk
United States,California,Hinkley,92347,"34.983808, -117.239306",34.983808,-117.239306,Male,No,Yes,No,4,Yes,No,Fiber optic,No,No,No,No,Yes,No,Month-to-month,Yes,Electronic check,80.35,307.4,4167,1,1,78.03,High Risk
United States,California,Dutch Flat,95714,"39.197215, -120.83679",39.197215,-120.83679,Male,No,Yes,No,12,Yes,No,Fiber optic,Yes,Yes,Yes,No,No,No,Month-to-month,Yes,Electronic check,84.6,959.9,2499,0,1,78.64,High Risk
United States,California,Jackson,95642,"38.336216, -120.76901",38.336216,-120.76901,Male,No,No,Yes,1,Yes,No,DSL,No,No,No,Yes,No,No,Month-to-month,Yes,Mailed check,49.9,49.9,3113,1,0,15.58,Low Risk
United States,California,Gilroy,95020,"37.03889, -121.528955",37.03889,-121.528955,Male,No,Yes,Yes,22,Yes,No,DSL,Yes,Yes,No,Yes,No,No,Month-to-month,Yes,Mailed check,57.95,1271.8,5036,0,0,11.5,Low Risk
United States,California,Graton,95444,"38.434362, -122.86891",38.434362,-122.86891,Male,No,Yes,No,49,No,No phone service,DSL,No,Yes,No,No,Yes,Yes,Two year,No,Credit card (automatic),49.65,2409.9,4283,0,0,18.49,Low Risk
United States,California,Santa Barbara,93111,"34.460197, -119.802602",34.460197,-119.802602,Male,No,No,No,13,Yes,No,No,No internet service,No internet service,No internet service,No internet service,No internet service,No internet service,Two year,No,Mailed check,19.75,265.75,2016,0,0,9.46,Low Risk
United States,California,Maywood,90270,"33.988572, -118.186565",33.988572,-118.186565,Female,No,Yes,No,66,Yes,Yes,Fiber optic,No,Yes,Yes,Yes,No,No,One year,Yes,Bank transfer (automatic),90.55,6130.95,4958,0,0,12.24,Low Risk
United States,California,Monterey,93940,"36.362741, -121.869685",36.362741,-121.869685,Male,No,Yes,No,62,No,No phone service,DSL,No,No,No,Yes,Yes,No,Two year,Yes,Bank transfer (automatic),39.0,2337.45,4987,0,0,3.5,Low Risk
United States,California,Bakersfield,93305,"35.391733, -118.984109",35.391733,-118.984109,Male,No,Yes,No,66,Yes,Yes,DSL,No,No,Yes,No,Yes,No,Two year,Yes,Bank transfer (automatic),63.3,4189.7,4186,0,0,2.44,Low Risk
United States,California,Orange,92869,"33.792791, -117.789749",33.792791,-117.789749,Female,No,No,No,3,No,No phone service,DSL,No,No,No,No,Yes,No,Month-to-month,No,Credit card (automatic),35.2,108.95,5450,1,0,43.86,Medium Risk
United States,California,Potter Valley,95469,"39.408634, -123.045516",39.408634,-123.045516,Male,No,No,No,63,Yes,Yes,DSL,Yes,Yes,Yes,Yes,No,No,One year,No,Bank transfer (automatic),68.8,4111.35,5082,0,0,2.52,Low Risk
United States,California,San Francisco,94115,"37.786031, -122.437301",37.786031,-122.437301,Male,No,Yes,Yes,15,Yes,No,No,No internet service,No internet service,No internet service,No internet service,No internet service,No internet service,Two year,No,Mailed check,19.35,278.85,2742,0,0,1.61,Low Risk
United States,California,San Jose,95134,"37.42765, -121.945416",37.42765,-121.945416,Female,No,Yes,No,43,Yes,Yes,Fiber optic,Yes,Yes,No,No,No,Yes,Month-to-month,Yes,Electronic check,94.1,4107.3,4392,0,1,76.83,High Risk
United States,California,La Mirada,90638,"33.902045, -118.008961",33.902045,-118.008961,Male,Yes,No,No,65,Yes,Yes,Fiber optic,Yes,No,Yes,Yes,Yes,Yes,Two year,Yes,Electronic check,109.05,7108.2,5692,0,0,5.22,Low Risk
United States,California,Boulder Creek,95006,"37.171727, -122.142961",37.171727,-122.142961,Female,No,No,No,2,Yes,Yes,Fiber optic,No,No,No,No,No,Yes,Month-to-month,Yes,Electronic check,85.7,169.8,2187,1,1,97.82,High Risk
United States,California,Keeler,93530,"36.560498, -117.962461",36.560498,-117.962461,Female,No,No,No,14,Yes,No,DSL,Yes,No,No,No,No,No,Month-to-month,No,Bank transfer (automatic),50.1,709.5,2331,0,0,22.24,Low Risk
United States,California,Mill Creek,96061,"40.331975, -121.460674",40.331975,-121.460674,Female,No,Yes,Yes,68,Yes,Yes,Fiber optic,Yes,No,Yes,Yes,Yes,Yes,Two year,Yes,Bank transfer (automatic),109.05,7508.55,6391,0,0,3.84,Low Risk
United States,California,Norco,92860,"33.925833, -117.559639",33.925833,-117.559639,Male,No,No,No,20,Yes,No,No,No internet service,No internet service,No internet service,No internet service,No internet service,No internet service,Month-to-month,Yes,Credit card (automatic),19.6,356.15,5909,0,0,24.15,Low Risk
United States,California,Springville,93265,"36.245926, -118.693138",36.245926,-118.693138,Female,No,Yes,Yes,57,Yes,Yes,DSL,Yes,Yes,No,Yes,No,No,Month-to-month,No,Bank transfer (automatic),65.2,3687.85,4491,0,0,1.48,Low Risk
United States,California,La Quinta,92253,"33.695532, -116.310571",33.695532,-116.310571,Male,No,No,No,72,Yes,No,No,No internet service,No internet service,No internet service,No internet service,No internet service,No internet service,Two year,Yes,Credit card (automatic),19.8,1468.75,5368,0,0,0.68,Low Risk
United States,California,Thornton,95686,"38.157794, -121.520223",38.157794,-121.520223,Male,No,No,No,6,Yes,No,Fiber optic,No,Yes,No,No,No,Yes,Month-to-month,Yes,Electronic check,84.4,556.35,4539,1,1,89.18,High Risk
United States,California,Arcadia,91007,"34.128284, -118.047732",34.128284,-118.047732,Male,No,No,No,53,Yes,Yes,DSL,No,Yes,Yes,Yes,No,Yes,Two year,Yes,Bank transfer (automatic),73.9,3958.25,5644,0,0,4.57,Low Risk
United States,California,Irvine,92602,"33.720359, -117.733655",33.720359,-117.733655,Female,No,Yes,No,57,Yes,No,DSL,Yes,No,No,No,Yes,Yes,One year,Yes,Bank transfer (automatic),70.1,3913.3,4669,1,0,5.34,Low Risk
United States,California,San Diego,92127,"33.017518, -117.118456",33.017518,-117.118456,Male,No,No,No,1,Yes,No,No,No internet service,No internet service,No internet service,No internet service,No internet service,No internet service,Month-to-month,Yes,Mailed check,20.1,20.1,4933,1,0,46.03,Medium Risk
United States,California,Highland,92346,"34.129677, -117.154277",34.129677,-117.154277,Male,No,No,No,15,Yes,Yes,DSL,No,No,No,No,No,No,Month-to-month,Yes,Electronic check,49.0,749.25,2597,0,1,85.22,High Risk
United States,California,Bellflower,90706,"33.887676, -118.127289",33.887676,-118.127289,Female,Yes,No,No,40,Yes,No,Fiber optic,Yes,Yes,No,No,No,No,Month-to-month,Yes,Credit card (automatic),79.2,3233.85,3207,1,1,63.61,Medium Risk
United States,California,Boonville,95415,"39.025867, -123.381544",39.025867,-123.381544,Male,No,No,No,71,No,No phone service,DSL,Yes,Yes,Yes,Yes,Yes,No,Two year,No,Bank transfer (automatic),53.95,3888.65,4094,0,0,1.45,Low Risk
United States,California,Buena Park,90621,"33.874224, -117.993368",33.874224,-117.993368,Female,Yes,Yes,No,13,No,No phone service,DSL,No,No,No,No,Yes,Yes,Month-to-month,No,Electronic check,45.3,528.45,4118,0,1,93.54,High Risk
United States,California,Fremont,94536,"37.572273, -121.964583",37.572273,-121.964583,Female,No,Yes,No,72,Yes,Yes,DSL,Yes,Yes,Yes,Yes,Yes,Yes,Two year,Yes,Bank transfer (automatic),91.15,6637.9,4311,0,0,8.09,Low Risk
United States,California,Surfside,90743,"33.728273, -118.085304",33.728273,-118.085304,Female,No,Yes,Yes,52,Yes,Yes,Fiber optic,No,Yes,Yes,No,Yes,No,One year,Yes,Credit card (automatic),95.7,4976.15,4415,0,0,4.5,Low Risk
United States,California,Monterey Park,91754,"34.050322, -118.147037",34.050322,-118.147037,Female,No,Yes,No,63,Yes,No,Fiber optic,Yes,No,Yes,No,No,No,One year,Yes,Credit card (automatic),81.15,5224.5,5294,0,0,21.9,Low Risk
United States,California,Sugarloaf,92386,"34.243088, -116.830015",34.243088,-116.830015,Male,No,No,No,29,Yes,No,No,No internet service,No internet service,No internet service,No internet service,No internet service,No internet service,One year,No,Mailed check,19.1,529.5,5880,0,0,7.19,Low Risk
United States,California,Clayton,94517,"37.881842, -121.848111",37.881842,-121.848111,Female,No,No,No,29,Yes,Yes,Fiber optic,No,No,Yes,No,Yes,Yes,Month-to-month,No,Bank transfer (automatic),100.55,2878.75,4847,0,1,86.05,High Risk
United States,California,Van Nuys,91406,"34.195685, -118.490752",34.195685,-118.490752,Male,No,No,No,3,Yes,No,No,No internet service,No internet service,No internet service,No internet service,No internet service,No internet service,Month-to-month,Yes,Credit card (automatic),20.75,67.1,2406,0,0,19.95,Low Risk
United States,California,Zenia,95595,"40.170357, -123.417298",40.170357,-123.417298,Male,No,Yes,Yes,19,Yes,No,No,No internet service,No internet service,No internet service,No internet service,No internet service,No internet service,Month-to-month,No,Mailed check,20.6,414.95,2276,0,0,4.31,Low Risk
United States,California,Snelling,95369,"37.521708, -120.426843",37.521708,-120.426843,Male,No,Yes,Yes,61,Yes,Yes,Fiber optic,No,No,Yes,No,Yes,Yes,One year,Yes,Electronic check,99.9,6241.35,5641,0,0,17.98,Low Risk
United States,California,San Diego,92104,"32.741499, -117.127409",32.741499,-117.127409,Female,No,No,No,10,Yes,No,DSL,No,No,Yes,Yes,No,No,Month-to-month,No,Electronic check,54.25,583.0,2253,0,1,69.94,Medium Risk
United States,California,Washington,95986,"39.34128, -120.786867",39.34128,-120.786867,Female,No,Yes,No,67,Yes,Yes,Fiber optic,No,Yes,Yes,Yes,Yes,Yes,One year,Yes,Credit card (automatic),109.7,7344.45,4017,0,0,27.4,Low Risk
United States,California,Santa Cruz,95065,"37.031404, -121.981865",37.031404,-121.981865,Male,No,No,No,42,Yes,No,No,No internet service,No internet service,No internet service,No internet service,No internet service,No internet service,One year,Yes,Mailed check,19.55,839.4,5293,0,0,9.17,Low Risk
United States,California,Caliente,93518,"35.358953, -118.527064",35.358953,-118.527064,Female,No,No,No,1,Yes,No,Fiber optic,No,Yes,No,No,No,No,Month-to-month,Yes,Electronic check,75.7,75.7,4884,1,1,69.87,Medium Risk
United States,California,Bakersfield,93301,"35.383937, -119.020428",35.383937,-119.020428,Female,No,No,No,5,Yes,Yes,Fiber optic,No,No,No,No,Yes,No,Month-to-month,Yes,Electronic check,84.0,424.75,4456,0,1,78.34,High Risk
United States,California,Three Rivers,93271,"36.413433, -118.854708",36.413433,-118.854708,Female,No,No,No,20,Yes,No,No,No internet service,No internet service,No internet service,No internet service,No internet service,No internet service,One year,No,Mailed check,19.5,403.15,4700,0,0,3.68,Low Risk
United States,California,Marina,93933,"36.689582, -121.758398",36.689582,-121.758398,Male,Yes,No,No,1,Yes,No,Fiber optic,No,No,No,No,No,No,Month-to-month,Yes,Bank transfer (automatic),69.5,69.5,3273,1,1,89.79,High Risk
United States,California,Pleasant Grove,95668,"38.833554, -121.498102",38.833554,-121.498102,Male,No,No,No,6,Yes,No,Fiber optic,Yes,Yes,No,No,No,No,Month-to-month,Yes,Electronic check,78.95,494.95,4093,0,1,93.93,High Risk
United States,California,Los Angeles,90041,"34.137412, -118.207607",34.137412,-118.207607,Male,No,No,Yes,34,Yes,Yes,Fiber optic,No,Yes,Yes,No,Yes,Yes,Month-to-month,Yes,Electronic check,106.35,3549.25,2941,1,0,40.85,Medium Risk
United States,California,Escondido,92025,"33.081478, -117.033814",33.081478,-117.033814,Male,No,No,No,21,Yes,No,No,No internet service,No internet service,No internet service,No internet service,No internet service,No internet service,Two year,No,Mailed check,19.6,390.4,4562,0,0,3.78,Low Risk
United States,California,Corona,92879,"33.893823, -117.531446",33.893823,-117.531446,Male,No,No,No,46,Yes,Yes,Fiber optic,No,Yes,Yes,Yes,Yes,Yes,Two year,No,Electronic check,108.65,4903.2,4210,0,0,14.4,Low Risk
United States,California,Farmersville,93223,"36.29878, -119.201028",36.29878,-119.201028,Male,No,Yes,Yes,34,Yes,Yes,Fiber optic,No,Yes,No,No,Yes,Yes,Month-to-month,Yes,Bank transfer (automatic),97.7,3410.0,5789,0,0,47.69,Medium Risk
United States,California,Tujunga,91042,"34.296574, -118.244839",34.296574,-118.244839,Male,No,No,Yes,29,No,No phone service,DSL,Yes,Yes,Yes,Yes,No,No,Month-to-month,Yes,Mailed check,45.0,1242.45,3290,0,0,28.24,Low Risk
United States,California,Madeline,96119,"41.042003, -120.506086",41.042003,-120.506086,Male,No,Yes,Yes,27,Yes,No,Fiber optic,Yes,Yes,No,No,No,No,One year,Yes,Credit card (automatic),80.65,2209.75,5856,0,0,3.39,Low Risk
United States,California,Fresno,93728,"36.757345, -119.818274",36.757345,-119.818274,Female,No,Yes,No,72,Yes,Yes,DSL,Yes,Yes,Yes,Yes,Yes,Yes,Two year,No,Credit card (automatic),89.8,6510.45,5762,0,0,2.7,Low Risk
United States,California,Pioneertown,92268,"34.201108, -116.593456",34.201108,-116.593456,Female,No,No,No,42,Yes,No,DSL,Yes,No,Yes,No,No,No,Month-to-month,No,Credit card (automatic),54.55,2455.05,5387,0,0,5.72,Low Risk
United States,California,Pico Rivera,90660,"33.989524, -118.089299",33.989524,-118.089299,Female,Yes,No,Yes,27,Yes,Yes,Fiber optic,No,No,Yes,No,No,No,Month-to-month,Yes,Electronic check,78.05,2135.5,4638,1,1,62.14,Medium Risk
United States,California,San Jose,95112,"37.343827, -121.883119",37.343827,-121.883119,Male,No,Yes,No,66,Yes,Yes,DSL,Yes,Yes,Yes,No,No,No,Two year,Yes,Credit card (automatic),66.1,4428.45,5933,0,0,7.04,Low Risk
United States,California,Rio Dell,95562,"40.485849, -124.163234",40.485849,-124.163234,Female,No,No,No,2,Yes,Yes,Fiber optic,No,No,No,No,No,No,Month-to-month,Yes,Electronic check,75.55,166.3,4320,1,1,97.3,High Risk
United States,California,Claremont,91711,"34.127621, -117.717863",34.127621,-117.717863,Male,No,No,No,32,Yes,No,Fiber optic,No,No,No,Yes,Yes,Yes,Month-to-month,Yes,Electronic check,96.2,3183.4,3606,1,1,72.9,High Risk
United States,California,Carmichael,95608,"38.626128, -121.328011",38.626128,-121.328011,Male,Yes,No,No,14,Yes,Yes,Fiber optic,No,No,No,No,No,No,Month-to-month,Yes,Electronic check,74.95,1036.75,2075,1,1,88.06,High Risk
United States,California,Corona,92879,"33.893823, -117.531446",33.893823,-117.531446,Male,No,No,No,19,Yes,No,Fiber optic,No,No,Yes,Yes,Yes,No,Month-to-month,No,Mailed check,89.95,1682.4,3402,0,0,39.41,Low Risk
United States,California,Gazelle,96034,"41.411315, -122.697236",41.411315,-122.697236,Male,No,No,Yes,48,Yes,Yes,DSL,Yes,Yes,Yes,No,No,No,One year,Yes,Bank transfer (automatic),64.4,3035.35,2545,0,0,1.3,Low Risk
United States,California,Costa Mesa,92627,"33.645672, -117.922613",33.645672,-117.922613,Male,No,No,No,4,Yes,No,Fiber optic,No,No,Yes,No,No,No,Month-to-month,Yes,Electronic check,73.9,280.85,4479,1,1,95.14,High Risk
United States,California,La Verne,91750,"34.144703, -117.770299",34.144703,-117.770299,Male,Yes,Yes,No,57,Yes,Yes,Fiber optic,No,Yes,No,No,No,Yes,Month-to-month,Yes,Electronic check,89.85,4925.35,4429,0,0,41.25,Medium Risk
United States,California,Gerber,96035,"40.03194, -122.176023",40.03194,-122.176023,Male,No,Yes,Yes,58,Yes,No,DSL,No,Yes,No,Yes,Yes,Yes,One year,Yes,Credit card (automatic),75.2,4300.8,4559,0,0,2.22,Low Risk
United States,California,Chula Vista,91913,"32.64164, -116.985026",32.64164,-116.985026,Female,Yes,Yes,No,56,Yes,Yes,DSL,Yes,Yes,Yes,Yes,No,No,One year,Yes,Credit card (automatic),68.45,4014.0,4368,0,0,2.97,Low Risk
United States,California,Winnetka,91306,"34.209532, -118.577563",34.209532,-118.577563,Female,No,Yes,No,69,Yes,No,No,No internet service,No internet service,No internet service,No internet service,No internet service,No internet service,Two year,No,Bank transfer (automatic),19.75,1375.4,5325,0,0,1.32,Low Risk
United States,California,Geyserville,95441,"38.731771, -123.064272",38.731771,-123.064272,Male,No,Yes,Yes,10,No,No phone service,DSL,Yes,Yes,Yes,Yes,No,Yes,Two year,No,Credit card (automatic),53.7,521.0,5671,0,0,2.42,Low Risk
United States,California,Los Angeles,90003,"33.964131, -118.272783",33.964131,-118.272783,Female,No,Yes,Yes,3,Yes,No,Fiber optic,No,Yes,No,Yes,No,No,Month-to-month,Yes,Electronic check,80.0,241.3,4264,0,0,45.97,Medium Risk
United States,California,Wilmington,90744,"33.782068, -118.262263",33.782068,-118.262263,Male,No,No,No,35,Yes,Yes,No,No internet service,No internet service,No internet service,No internet service,No internet service,No internet service,One year,No,Bank transfer (automatic),26.2,954.9,4419,0,0,3.61,Low Risk
United States,California,Compton,90221,"33.885811, -118.206459",33.885811,-118.206459,Female,No,Yes,Yes,11,Yes,No,No,No internet service,No internet service,No internet service,No internet service,No internet service,No internet service,Month-to-month,Yes,Mailed check,19.25,180.3,5638,1,0,4.35,Low Risk
United States,California,Orland,95963,"39.748037, -122.302169",39.748037,-122.302169,Male,No,Yes,No,56,Yes,Yes,Fiber optic,Yes,No,No,No,Yes,Yes,One year,Yes,Electronic check,100.55,5514.95,4847,0,1,53.35,Medium Risk
United States,California,San Jose,95138,"37.246064, -121.749494",37.246064,-121.749494,Male,No,Yes,Yes,51,Yes,Yes,No,No internet service,No internet service,No internet service,No internet service,No internet service,No internet service,Two year,Yes,Mailed check,24.95,1222.25,5461,0,0,0.98,Low Risk
United States,California,Weaverville,96093,"40.759401, -122.939337",40.759401,-122.939337,Male,Yes,No,No,36,Yes,Yes,Fiber optic,Yes,No,No,No,Yes,No,Month-to-month,Yes,Electronic check,90.85,3186.7,5692,1,1,83.74,High Risk
United States,California,Montgomery Creek,96065,"40.877552, -121.885884",40.877552,-121.885884,Male,No,No,Yes,5,Yes,No,No,No internet service,No internet service,No internet service,No internet service,No internet service,No internet service,Two year,No,Mailed check,20.45,106.9,3353,0,0,1.05,Low Risk
United States,California,Trinidad,95570,"41.162295, -124.027381",41.162295,-124.027381,Male,No,Yes,Yes,1,Yes,No,No,No internet service,No internet service,No internet service,No internet service,No internet service,No internet service,One year,No,Mailed check,20.4,20.4,4540,0,0,10.64,Low Risk
United States,California,Nuevo,92567,"33.82769, -117.102244",33.82769,-117.102244,Male,Yes,Yes,No,7,Yes,Yes,Fiber optic,No,No,No,No,No,No,Month-to-month,Yes,Mailed check,74.4,527.9,4969,1,1,79.5,High Risk
United States,California,Los Angeles,90032,"34.078821, -118.177576",34.078821,-118.177576,Male,No,Yes,No,69,Yes,No,DSL,Yes,Yes,No,No,No,No,One year,Yes,Credit card (automatic),53.65,3804.4,6092,0,0,7.94,Low Risk
United States,California,Ridgecrest,93555,"35.603913, -117.67828",35.603913,-117.67828,Male,No,Yes,No,22,Yes,No,DSL,Yes,No,Yes,Yes,Yes,No,One year,Yes,Bank transfer (automatic),67.5,1544.05,3378,1,0,24.57,Low Risk
United States,California,Los Angeles,90056,"33.987945, -118.370442",33.987945,-118.370442,Female,No,No,No,63,Yes,Yes,No,No internet service,No internet service,No internet service,No internet service,No internet service,No internet service,Two year,No,Mailed check,24.2,1618.2,4948,0,0,4.12,Low Risk
United States,California,Morongo Valley,92256,"34.097863, -116.594561",34.097863,-116.594561,Female,No,Yes,Yes,55,Yes,Yes,DSL,Yes,Yes,No,Yes,No,Yes,One year,Yes,Bank transfer (automatic),75.75,4264.25,4489,0,0,0.56,Low Risk
United States,California,Glennville,93226,"35.735694, -118.738483",35.735694,-118.738483,Female,No,No,No,3,Yes,No,DSL,No,No,Yes,No,Yes,No,Month-to-month,No,Electronic check,57.55,161.45,4099,0,1,65.52,Medium Risk
United States,California,Sunnyvale,94089,"37.421633, -122.009613",37.421633,-122.009613,Male,No,Yes,No,67,Yes,No,DSL,Yes,Yes,Yes,No,Yes,Yes,Two year,No,Credit card (automatic),81.35,5398.6,4219,0,0,1.74,Low Risk
United States,California,Old Station,96071,"40.656287, -121.428965",40.656287,-121.428965,Female,No,No,No,3,No,No phone service,DSL,No,No,No,No,No,No,Month-to-month,No,Electronic check,25.25,58.9,2088,1,1,87.98,High Risk
United States,California,Stanton,90680,"33.801869, -117.995068",33.801869,-117.995068,Male,No,No,No,1,Yes,No,No,No internet service,No internet service,No internet service,No internet service,No internet service,No internet service,Month-to-month,No,Mailed check,19.75,19.75,2484,0,1,76.74,High Risk
United States,California,Twentynine Palms,92277,"34.17211, -115.769773",34.17211,-115.769773,Male,No,No,No,16,Yes,Yes,Fiber optic,No,No,No,Yes,No,Yes,Month-to-month,Yes,Credit card (automatic),89.05,1448.6,5953,1,1,80.04,High Risk
United States,California,Los Altos,94024,"37.352911, -122.093002",37.352911,-122.093002,Male,No,No,Yes,62,Yes,Yes,Fiber optic,No,No,Yes,Yes,Yes,Yes,Two year,Yes,Electronic check,104.05,6590.5,5900,0,0,3.6,Low Risk
United States,California,Mt Baldy,91759,"34.231318, -117.662032",34.231318,-117.662032,Female,No,No,No,8,Yes,Yes,DSL,Yes,Yes,Yes,No,No,No,Month-to-month,Yes,Bank transfer (automatic),65.5,573.15,3033,0,0,33.07,Low Risk
United States,California,Earp,92242,"34.137742, -114.36514",34.137742,-114.36514,Male,No,No,Yes,9,Yes,No,No,No internet service,No internet service,No internet service,No internet service,No internet service,No internet service,One year,No,Mailed check,20.1,190.25,3444,0,0,1.98,Low Risk
United States,California,San Diego,92105,"32.741859, -117.090353",32.741859,-117.090353,Female,No,Yes,No,6,Yes,No,No,No internet service,No internet service,No internet service,No internet service,No internet service,No internet service,Month-to-month,No,Bank transfer (automatic),19.5,146.3,5579,1,0,43.92,Medium Risk
United States,California,Avila Beach,93424,"35.186644, -120.728305",35.186644,-120.728305,Female,No,No,No,28,Yes,Yes,DSL,Yes,No,Yes,No,No,No,One year,No,Mailed check,59.0,1654.45,4891,0,0,7.6,Low Risk
United States,California,Washington,95986,"39.34128, -120.786867",39.34128,-120.786867,Male,No,No,No,26,Yes,No,No,No internet service,No internet service,No internet service,No internet service,No internet service,No internet service,One year,No,Mailed check,19.4,525.55,4602,0,0,7.54,Low Risk
United States,California,Santa Ana,92704,"33.719869, -117.907063",33.719869,-117.907063,Male,No,Yes,Yes,38,Yes,Yes,Fiber optic,No,No,Yes,No,Yes,Yes,Month-to-month,Yes,Credit card (automatic),101.15,3956.7,3738,0,0,42.49,Medium Risk
United States,California,Hinkley,92347,"34.983808, -117.239306",34.983808,-117.239306,Female,No,No,No,18,Yes,Yes,DSL,No,No,No,No,No,No,Month-to-month,Yes,Electronic check,50.3,913.3,5877,0,0,40.45,Medium Risk
United States,California,Bridgeville,95526,"40.372532, -123.525626",40.372532,-123.525626,Female,No,Yes,Yes,3,No,No phone service,DSL,No,No,No,Yes,No,No,Month-to-month,Yes,Mailed check,31.0,95.05,5122,1,1,52.71,Medium Risk
United States,California,Pixley,93256,"35.957019, -119.330928",35.957019,-119.330928,Male,No,Yes,No,3,No,No phone service,DSL,No,No,No,No,No,No,Month-to-month,No,Mailed check,25.0,78.25,2730,0,1,57.58,Medium Risk
United States,California,Fort Bidwell,96112,"41.932207, -120.135941",41.932207,-120.135941,Male,No,Yes,No,70,Yes,Yes,DSL,No,Yes,Yes,Yes,Yes,No,Two year,No,Bank transfer (automatic),72.95,5265.55,6466,0,0,9.19,Low Risk
United States,California,Sacramento,95864,"38.585826, -121.376263",38.585826,-121.376263,Male,No,Yes,Yes,67,Yes,Yes,DSL,Yes,Yes,Yes,Yes,No,No,One year,Yes,Credit card (automatic),69.35,4653.25,5589,0,0,0.99,Low Risk
United States,California,Richgrove,93261,"35.809921, -119.127437",35.809921,-119.127437,Male,No,No,Yes,71,Yes,Yes,No,No internet service,No internet service,No internet service,No internet service,No internet service,No internet service,Two year,No,Mailed check,24.35,1654.6,4155,0,0,0.32,Low Risk
United States,California,Rancho Cucamonga,91701,"34.132275, -117.611478",34.132275,-117.611478,Male,No,No,Yes,16,Yes,Yes,DSL,Yes,Yes,No,No,No,Yes,Month-to-month,Yes,Electronic check,69.1,1083.7,5172,0,0,11.93,Low Risk
United States,California,Valley Center,92082,"33.25283, -116.986079",33.25283,-116.986079,Female,No,Yes,Yes,10,Yes,No,DSL,No,Yes,No,Yes,No,Yes,Month-to-month,Yes,Electronic check,65.5,616.9,3137,0,0,29.36,Low Risk
United States,California,Indio,92201,"33.713891, -116.237257",33.713891,-116.237257,Male,No,No,No,1,Yes,Yes,Fiber optic,No,Yes,No,No,No,Yes,Month-to-month,Yes,Credit card (automatic),90.85,90.85,3424,1,1,89.23,High Risk
United States,California,Igo,96047,"40.524535, -122.647172",40.524535,-122.647172,Male,No,Yes,Yes,12,Yes,No,DSL,No,No,No,No,Yes,No,Month-to-month,Yes,Mailed check,56.3,628.65,2047,0,0,41.55,Medium Risk
United States,California,Columbia,95310,"38.085839, -120.37855",38.085839,-120.37855,Female,No,No,No,5,Yes,No,DSL,Yes,No,No,Yes,No,No,Month-to-month,No,Credit card (automatic),53.85,259.8,5435,1,1,55.59,Medium Risk
United States,California,Long Beach,90802,"33.752524, -118.210737",33.752524,-118.210737,Female,Yes,Yes,No,40,Yes,No,Fiber optic,No,Yes,No,Yes,Yes,Yes,One year,Yes,Credit card (automatic),99.2,4062.2,5098,1,1,65.13,Medium Risk
United States,California,San Gabriel,91775,"34.114772, -118.089431",34.114772,-118.089431,Male,Yes,Yes,No,21,Yes,No,DSL,Yes,Yes,No,No,No,Yes,Month-to-month,Yes,Bank transfer (automatic),64.95,1339.8,4604,0,0,34.81,Low Risk
United States,California,Santa Barbara,93105,"34.037342, -119.80079",34.037342,-119.80079,Male,No,No,No,9,Yes,No,DSL,Yes,No,Yes,Yes,No,Yes,Month-to-month,Yes,Bank transfer (automatic),68.25,576.95,4366,0,1,68.1,Medium Risk
United States,California,Downey,90242,"33.921793, -118.140588",33.921793,-118.140588,Female,No,Yes,No,7,Yes,No,DSL,Yes,No,No,No,No,No,Month-to-month,Yes,Bank transfer (automatic),50.3,355.1,2547,0,0,37.11,Low Risk
United States,California,San Francisco,94103,"37.773147, -122.411287",37.773147,-122.411287,Female,No,No,No,38,Yes,No,No,No internet service,No internet service,No internet service,No internet service,No internet service,No internet service,One year,No,Mailed check,20.05,678.2,4539,0,0,2.42,Low Risk
United States,California,Bangor,95914,"39.396585, -121.38029",39.396585,-121.38029,Male,No,No,No,1,Yes,No,DSL,No,No,Yes,No,No,No,Month-to-month,Yes,Electronic check,50.5,50.5,2077,1,1,77.33,High Risk
United States,California,Dos Palos,93620,"37.045728, -120.630682",37.045728,-120.630682,Male,No,No,No,7,Yes,No,Fiber optic,No,No,Yes,No,No,No,Month-to-month,Yes,Electronic check,74.9,490.55,5335,0,1,64.37,Medium Risk
United States,California,Douglas City,96024,"40.586588, -122.903677",40.586588,-122.903677,Female,No,No,No,2,Yes,No,Fiber optic,No,No,No,No,No,No,Month-to-month,Yes,Electronic check,70.95,137.95,5390,1,1,90.69,High Risk
United States,California,Inglewood,90301,"33.956445, -118.358634",33.956445,-118.358634,Female,No,No,No,56,Yes,No,No,No internet service,No internet service,No internet service,No internet service,No internet service,No internet service,Two year,Yes,Bank transfer (automatic),19.55,1080.55,5764,0,0,2.22,Low Risk
United States,California,Inverness,94937,"38.099323, -122.945723",38.099323,-122.945723,Female,No,Yes,No,6,Yes,Yes,DSL,No,No,No,No,No,No,Month-to-month,No,Electronic check,50.35,314.55,3442,0,1,79.79,High Risk
United States,California,Whittier,90605,"33.960891, -118.032222",33.960891,-118.032222,Female,No,No,No,63,Yes,No,DSL,No,No,Yes,No,No,Yes,One year,No,Credit card (automatic),58.55,3503.5,6312,0,0,9.58,Low Risk
United States,California,Carmel By The Sea,93921,"36.554618, -121.922239",36.554618,-121.922239,Female,No,No,No,64,Yes,Yes,Fiber optic,No,Yes,Yes,Yes,Yes,Yes,Two year,Yes,Credit card (automatic),110.5,7069.25,5718,0,0,16.77,Low Risk
United States,California,Exeter,93221,"36.301689, -119.018233",36.301689,-119.018233,Male,No,Yes,No,29,No,No phone service,DSL,No,No,No,No,Yes,Yes,Month-to-month,Yes,Electronic check,45.9,1332.4,5074,0,1,93.61,High Risk
United States,California,Casmalia,93429,"34.866032, -120.536546",34.866032,-120.536546,Male,No,No,No,32,Yes,Yes,Fiber optic,No,No,No,No,No,Yes,Month-to-month,Yes,Bank transfer (automatic),85.65,2664.3,2383,0,1,90.47,High Risk
United States,California,Los Angeles,90045,"33.954017, -118.402447",33.954017,-118.402447,Female,Yes,No,No,2,Yes,Yes,Fiber optic,No,No,No,No,No,Yes,Month-to-month,Yes,Electronic check,84.05,186.05,5039,0,1,92.78,High Risk
United States,California,Valley Springs,95252,"38.156971, -120.849231",38.156971,-120.849231,Male,No,Yes,No,60,Yes,No,Fiber optic,No,Yes,No,No,Yes,Yes,One year,Yes,Electronic check,94.4,5610.25,4990,1,0,44.03,Medium Risk
United States,California,Mad River,95552,"40.390301, -123.412327",40.390301,-123.412327,Male,No,No,No,22,Yes,Yes,DSL,Yes,Yes,Yes,No,No,No,Month-to-month,No,Mailed check,65.05,1427.55,4709,0,0,27.37,Low Risk
United States,California,Los Angeles,90061,"33.92128, -118.274186",33.92128,-118.274186,Male,No,No,No,11,No,No phone service,DSL,No,Yes,No,Yes,No,No,Month-to-month,Yes,Electronic check,35.65,425.1,4986,0,1,69.11,Medium Risk
United States,California,Kingsburg,93631,"36.478239, -119.52137",36.478239,-119.52137,Male,Yes,Yes,No,57,Yes,No,Fiber optic,No,Yes,Yes,No,Yes,No,One year,Yes,Electronic check,90.65,5199.8,5636,0,0,48.87,Medium Risk
United States,California,Los Angeles,90049,"34.091829, -118.491244",34.091829,-118.491244,Male,No,No,No,1,Yes,No,DSL,No,No,No,No,No,No,Month-to-month,Yes,Mailed check,44.15,44.15,4773,1,1,67.02,Medium Risk
United States,California,West Hills,91307,"34.199787, -118.68493",34.199787,-118.68493,Female,No,No,No,62,Yes,No,No,No internet service,No internet service,No internet service,No internet service,No internet service,No internet service,Two year,Yes,Credit card (automatic),19.2,1123.65,4937,0,0,0.38,Low Risk
United States,California,San Diego,92110,"32.76501, -117.19938",32.76501,-117.19938,Female,No,Yes,No,47,Yes,Yes,Fiber optic,Yes,Yes,Yes,No,Yes,No,Month-to-month,Yes,Electronic check,98.75,4533.7,4622,1,1,78.57,High Risk
United States,California,Monterey Park,91755,"34.049172, -118.115022",34.049172,-118.115022,Female,No,Yes,No,61,Yes,Yes,DSL,Yes,Yes,Yes,Yes,Yes,Yes,Two year,No,Mailed check,88.1,5526.75,5152,0,0,4.88,Low Risk
United States,California,Merced,95340,"37.255637, -120.493537",37.255637,-120.493537,Female,No,No,No,3,Yes,No,Fiber optic,No,No,No,No,No,No,Month-to-month,Yes,Electronic check,70.15,194.2,2228,0,1,71.89,High Risk
United States,California,San Jose,95112,"37.343827, -121.883119",37.343827,-121.883119,Male,No,Yes,Yes,64,Yes,No,Fiber optic,Yes,Yes,No,No,No,No,Month-to-month,No,Electronic check,81.05,5135.35,5168,0,0,11.19,Low Risk
United States,California,Perris,92571,"33.828289, -117.201666",33.828289,-117.201666,Female,No,Yes,Yes,6,Yes,Yes,Fiber optic,No,Yes,Yes,No,Yes,No,Month-to-month,Yes,Mailed check,94.05,518.75,3083,0,1,51.55,Medium Risk
United States,California,San Bruno,94066,"37.624436, -122.430661",37.624436,-122.430661,Female,No,Yes,Yes,56,Yes,No,No,No internet service,No internet service,No internet service,No internet service,No internet service,No internet service,Two year,No,Mailed check,20.05,1090.1,5172,0,0,0.44,Low Risk
United States,California,Monrovia,91016,"34.1528, -118.000482",34.1528,-118.000482,Female,No,Yes,Yes,27,Yes,No,DSL,No,Yes,No,No,No,No,Month-to-month,No,Mailed check,49.85,1336.15,5580,0,0,15.54,Low Risk
United States,California,Newman,95360,"37.343846, -121.039391",37.343846,-121.039391,Female,No,Yes,No,46,No,No phone service,DSL,Yes,Yes,No,No,Yes,No,Month-to-month,No,Electronic check,45.55,2062.15,5565,0,0,32.6,Low Risk
United States,California,Glendale,91204,"34.136306, -118.26036",34.136306,-118.26036,Male,Yes,No,No,1,Yes,No,DSL,No,No,No,No,No,No,Month-to-month,No,Electronic check,45.1,45.1,4499,1,1,81.15,High Risk
United States,California,Joshua Tree,92252,"34.167236, -116.281511",34.167236,-116.281511,Male,No,No,No,11,Yes,No,No,No internet service,No internet service,No internet service,No internet service,No internet service,No internet service,Two year,No,Mailed check,20.4,231.45,5397,0,0,5.31,Low Risk
United States,California,San Jose,95117,"37.311088, -121.961786",37.311088,-121.961786,Male,No,Yes,No,32,Yes,Yes,Fiber optic,No,Yes,No,No,Yes,Yes,Month-to-month,Yes,Credit card (automatic),98.85,3145.9,3981,0,1,95.23,High Risk
United States,California,Dutch Flat,95714,"39.197215, -120.83679",39.197215,-120.83679,Male,No,No,No,4,Yes,No,Fiber optic,No,No,No,No,Yes,No,Month-to-month,No,Electronic check,77.85,299.2,2140,1,1,87.18,High Risk
United States,California,San Francisco,94114,"37.758085, -122.434801",37.758085,-122.434801,Male,No,No,No,24,Yes,Yes,DSL,Yes,No,No,No,No,No,Month-to-month,Yes,Bank transfer (automatic),55.65,1400.55,4126,1,1,52.0,Medium Risk
United States,California,Bodega Bay,94923,"38.377165, -123.037957",38.377165,-123.037957,Male,No,No,No,35,Yes,Yes,Fiber optic,Yes,No,Yes,Yes,Yes,Yes,Two year,Yes,Electronic check,108.95,4025.5,5903,0,1,52.82,Medium Risk
United States,California,Burbank,91501,"34.188339, -118.300942",34.188339,-118.300942,Female,No,No,No,46,Yes,No,Fiber optic,Yes,Yes,No,Yes,Yes,Yes,One year,Yes,Bank transfer (automatic),105.2,4822.85,3322,1,0,17.12,Low Risk
United States,California,Samoa,95564,"40.809636, -124.189977",40.809636,-124.189977,Male,No,Yes,No,1,Yes,No,Fiber optic,No,No,No,No,No,No,Month-to-month,Yes,Electronic check,70.0,70.0,2485,1,1,79.6,High Risk
United States,California,Wilmington,90744,"33.782068, -118.262263",33.782068,-118.262263,Female,No,Yes,No,72,Yes,Yes,Fiber optic,Yes,No,Yes,Yes,Yes,Yes,Two year,Yes,Credit card (automatic),110.15,7881.2,4498,0,0,7.5,Low Risk
United States,California,Parker Dam,92267,"34.273872, -114.192901",34.273872,-114.192901,Female,Yes,Yes,No,63,Yes,Yes,Fiber optic,No,Yes,Yes,No,Yes,Yes,Month-to-month,Yes,Electronic check,103.5,6479.4,5187,0,1,80.44,High Risk
United States,California,Los Gatos,95032,"37.233034, -121.947427",37.233034,-121.947427,Female,No,Yes,No,21,Yes,Yes,Fiber optic,No,No,No,No,No,Yes,Month-to-month,Yes,Electronic check,86.5,1808.7,2036,1,1,80.57,High Risk
United States,California,San Diego,92129,"32.961064, -117.134917",32.961064,-117.134917,Male,No,Yes,Yes,37,No,No phone service,DSL,Yes,No,Yes,Yes,No,No,One year,Yes,Electronic check,40.2,1525.35,2308,0,0,19.02,Low Risk
United States,California,Sugarloaf,92386,"34.243088, -116.830015",34.243088,-116.830015,Male,No,No,No,55,Yes,No,Fiber optic,Yes,Yes,No,No,Yes,Yes,One year,Yes,Mailed check,100.9,5552.05,5101,0,0,26.66,Low Risk
United States,California,Tahoe City,96145,"39.178337, -120.162806",39.178337,-120.162806,Male,No,Yes,No,14,Yes,Yes,DSL,No,No,No,Yes,Yes,No,Month-to-month,Yes,Credit card (automatic),66.6,979.5,3516,0,1,54.94,Medium Risk
United States,California,Los Altos,94024,"37.352911, -122.093002",37.352911,-122.093002,Male,No,Yes,Yes,53,Yes,Yes,DSL,Yes,No,No,Yes,No,Yes,Month-to-month,No,Electronic check,71.85,3827.9,4903,0,0,3.15,Low Risk
United States,California,Winchester,92596,"33.657433, -117.04254",33.657433,-117.04254,Female,No,Yes,No,50,Yes,Yes,DSL,No,Yes,Yes,Yes,Yes,Yes,One year,Yes,Credit card (automatic),84.15,4164.4,4625,0,0,7.55,Low Risk
United States,California,Milford,96121,"40.181279, -120.392967",40.181279,-120.392967,Male,Yes,Yes,No,38,Yes,Yes,Fiber optic,No,Yes,Yes,No,Yes,Yes,Month-to-month,Yes,Electronic check,102.6,4009.2,5469,0,1,77.91,High Risk
United States,California,Stockton,95209,"38.044523, -121.348048",38.044523,-121.348048,Female,Yes,No,No,30,Yes,Yes,Fiber optic,No,Yes,No,No,Yes,Yes,Month-to-month,Yes,Electronic check,99.7,2967.35,3548,1,1,85.86,High Risk
United States,California,Aliso Viejo,92656,"33.571259, -117.731917",33.571259,-117.731917,Female,No,No,No,28,Yes,No,DSL,Yes,Yes,No,Yes,No,No,One year,Yes,Electronic check,59.9,1654.7,4131,0,0,13.62,Low Risk
United States,California,San Francisco,94132,"37.722302, -122.491129",37.722302,-122.491129,Male,Yes,Yes,No,46,No,No phone service,DSL,No,Yes,Yes,Yes,Yes,Yes,One year,Yes,Bank transfer (automatic),59.9,2816.65,4011,1,0,30.44,Low Risk
United States,California,Calexico,92231,"32.690654, -115.431225",32.690654,-115.431225,Female,No,No,No,67,Yes,No,No,No internet service,No internet service,No internet service,No internet service,No internet service,No internet service,One year,No,Electronic check,20.55,1343.4,5462,0,0,1.75,Low Risk
United States,California,Canyon Country,91351,"34.422519, -118.420717",34.422519,-118.420717,Female,No,No,No,1,Yes,No,DSL,No,No,No,No,No,No,Month-to-month,No,Mailed check,45.95,45.95,4888,1,1,57.0,Medium Risk
United States,California,Dunlap,93621,"36.789213, -119.140338",36.789213,-119.140338,Male,No,Yes,No,50,Yes,No,No,No internet service,No internet service,No internet service,No internet service,No internet service,No internet service,Two year,No,Electronic check,19.8,1013.2,5914,0,0,3.1,Low Risk
United States,California,Twentynine Palms,92278,"34.457829, -116.139589",34.457829,-116.139589,Female,No,Yes,No,56,Yes,Yes,Fiber optic,Yes,No,No,No,Yes,Yes,One year,Yes,Electronic check,98.0,5270.6,4615,0,0,34.71,Low Risk
United States,California,Arnold,95223,"38.32153, -120.236358",38.32153,-120.236358,Male,No,No,No,1,Yes,No,No,No internet service,No internet service,No internet service,No internet service,No internet service,No internet service,Month-to-month,No,Mailed check,19.95,19.95,5916,0,0,35.95,Low Risk
United States,California,Witter Springs,95493,"39.222323, -122.985488",39.222323,-122.985488,Male,No,Yes,No,3,No,No phone service,DSL,Yes,No,No,Yes,No,No,Month-to-month,No,Mailed check,35.1,101.1,3610,0,1,63.06,Medium Risk
United States,California,Lodi,95242,"38.128087, -121.4078",38.128087,-121.4078,Female,No,Yes,No,72,Yes,Yes,Fiber optic,Yes,Yes,Yes,No,Yes,Yes,Two year,Yes,Electronic check,109.55,8165.1,6452,0,0,40.75,Medium Risk
United States,California,Santa Rosa,95405,"38.439696, -122.668817",38.439696,-122.668817,Female,No,No,No,48,Yes,No,DSL,Yes,No,Yes,Yes,No,No,One year,Yes,Credit card (automatic),60.35,2896.4,2681,1,0,12.43,Low Risk
United States,California,Sacramento,95814,"38.584505, -121.491956",38.584505,-121.491956,Male,No,No,No,9,No,No phone service,DSL,Yes,Yes,Yes,No,No,No,One year,No,Mailed check,39.55,373.0,3755,0,0,46.51,Medium Risk
United States,California,Maxwell,95955,"39.281194, -122.226568",39.281194,-122.226568,Male,No,No,No,19,Yes,Yes,DSL,No,No,No,No,Yes,Yes,Month-to-month,No,Mailed check,69.6,1394.55,3349,0,1,72.77,High Risk
United States,California,Soda Springs,95728,"39.279068, -120.414275",39.279068,-120.414275,Male,No,Yes,Yes,46,Yes,No,DSL,Yes,No,Yes,Yes,Yes,Yes,Two year,No,Mailed check,81.0,3846.35,4280,0,0,1.25,Low Risk
United States,California,Silverado,92676,"33.782346, -117.635263",33.782346,-117.635263,Male,No,Yes,No,56,Yes,Yes,Fiber optic,No,Yes,No,Yes,Yes,Yes,One year,Yes,Electronic check,107.25,6033.3,5800,0,1,65.15,Medium Risk
United States,California,Bakersfield,93306,"35.449881, -118.841442",35.449881,-118.841442,Male,No,No,No,35,Yes,Yes,Fiber optic,No,No,No,No,Yes,No,Month-to-month,No,Electronic check,83.15,2848.45,2332,0,1,52.94,Medium Risk
United States,California,Traver,93673,"36.456091, -119.486225",36.456091,-119.486225,Female,No,No,No,25,Yes,No,No,No internet service,No internet service,No internet service,No internet service,No internet service,No internet service,Two year,No,Credit card (automatic),19.8,475.2,3875,0,0,4.18,Low Risk
United States,California,Sloughhouse,95683,"38.470423, -121.114897",38.470423,-121.114897,Female,No,No,No,21,Yes,No,Fiber optic,No,No,No,No,No,No,Month-to-month,Yes,Electronic check,68.65,1493.2,2006,0,1,77.96,High Risk
United States,California,San Marcos,92078,"33.119028, -117.166036",33.119028,-117.166036,Male,No,Yes,Yes,71,Yes,Yes,No,No internet service,No internet service,No internet service,No internet service,No internet service,No internet service,Two year,No,Credit card (automatic),25.35,1847.55,5747,0,0,0.18,Low Risk
United States,California,Seaside,93955,"36.625114, -121.823565",36.625114,-121.823565,Female,No,Yes,No,1,Yes,No,Fiber optic,No,No,No,No,Yes,No,Month-to-month,Yes,Bank transfer (automatic),79.35,79.35,3492,1,1,96.34,High Risk
United States,California,Sebastopol,95472,"38.398815, -122.861923",38.398815,-122.861923,Female,No,No,No,62,Yes,Yes,DSL,No,Yes,Yes,Yes,Yes,Yes,Two year,No,Bank transfer (automatic),84.5,5193.2,5466,0,0,2.91,Low Risk
United States,California,Seaside,93955,"36.625114, -121.823565",36.625114,-121.823565,Male,No,Yes,Yes,53,Yes,Yes,DSL,No,No,Yes,Yes,Yes,Yes,One year,Yes,Mailed check,78.75,3942.45,5052,0,0,14.1,Low Risk
United States,California,Rio Oso,95674,"38.954144, -121.482536",38.954144,-121.482536,Female,No,No,No,2,Yes,Yes,Fiber optic,No,No,No,No,No,No,Month-to-month,Yes,Mailed check,74.9,136.05,2044,0,1,95.05,High Risk
United States,California,Placentia,92870,"33.881158, -117.854783",33.881158,-117.854783,Male,Yes,Yes,No,72,Yes,Yes,Fiber optic,Yes,Yes,Yes,Yes,No,No,Two year,Yes,Bank transfer (automatic),93.05,6735.05,4988,0,0,6.1,Low Risk
United States,California,Julian,92036,"32.980678, -116.262854",32.980678,-116.262854,Female,No,Yes,No,24,Yes,Yes,Fiber optic,No,No,Yes,No,No,No,Month-to-month,Yes,Mailed check,79.65,1928.7,3816,0,1,78.61,High Risk
United States,California,Stevinson,95374,"37.316807, -120.855753",37.316807,-120.855753,Male,No,No,No,41,Yes,Yes,DSL,No,No,Yes,No,No,No,Month-to-month,Yes,Bank transfer (automatic),55.7,2237.55,5590,0,0,30.83,Low Risk
United States,California,Garden Valley,95633,"38.852544, -120.837669",38.852544,-120.837669,Female,No,No,No,2,Yes,Yes,Fiber optic,No,No,No,No,Yes,Yes,Month-to-month,Yes,Bank transfer (automatic),94.2,193.8,5299,1,1,85.37,High Risk
United States,California,Clearlake Oaks,95423,"39.07116, -122.598542",39.07116,-122.598542,Male,No,No,No,2,Yes,No,Fiber optic,No,No,No,No,No,No,Month-to-month,Yes,Electronic check,67.75,116.65,2299,1,1,90.83,High Risk
United States,California,Parlier,93648,"36.622237, -119.521126",36.622237,-119.521126,Male,Yes,Yes,No,27,Yes,Yes,Fiber optic,No,Yes,Yes,No,No,Yes,Month-to-month,Yes,Electronic check,95.55,2510.2,2999,1,1,80.4,High Risk
United States,California,Torrance,90501,"33.833699, -118.314387",33.833699,-118.314387,Male,Yes,Yes,No,53,Yes,Yes,Fiber optic,No,Yes,No,No,Yes,Yes,Month-to-month,Yes,Electronic check,101.9,5549.4,5884,1,1,74.59,High Risk
United States,California,Garden Grove,92843,"33.764018, -117.931507",33.764018,-117.931507,Female,No,No,No,34,Yes,Yes,DSL,Yes,Yes,No,Yes,No,No,One year,Yes,Mailed check,64.4,2088.75,5189,1,0,5.97,Low Risk
United States,California,Brentwood,94513,"37.908242, -121.682472",37.908242,-121.682472,Male,No,No,No,1,Yes,No,Fiber optic,No,Yes,No,No,No,Yes,Month-to-month,Yes,Electronic check,85.0,85.0,5754,0,1,88.14,High Risk
United States,California,Madera,93637,"36.902954, -120.194274",36.902954,-120.194274,Female,No,Yes,Yes,48,Yes,No,No,No internet service,No internet service,No internet service,No internet service,No internet service,No internet service,Two year,No,Mailed check,19.55,883.35,5461,0,0,0.57,Low Risk
United States,California,El Centro,92243,"32.770393, -115.60915",32.770393,-115.60915,Female,Yes,No,No,3,Yes,Yes,Fiber optic,No,No,No,No,No,No,Month-to-month,Yes,Credit card (automatic),75.05,256.25,3553,1,1,70.1,High Risk
United States,California,Santa Ana,92703,"33.748635, -117.906125",33.748635,-117.906125,Female,No,Yes,No,71,Yes,No,DSL,Yes,Yes,Yes,Yes,No,No,Two year,No,Credit card (automatic),64.05,4492.9,4374,0,0,1.16,Low Risk
United States,California,Mad River,95552,"40.390301, -123.412327",40.390301,-123.412327,Male,No,No,No,24,Yes,No,Fiber optic,No,Yes,Yes,Yes,No,No,Month-to-month,Yes,Electronic check,85.95,2107.15,5421,0,1,58.58,Medium Risk
United States,California,Perris,92570,"33.787298, -117.320676",33.787298,-117.320676,Female,Yes,Yes,No,5,Yes,No,Fiber optic,No,No,No,No,No,No,Month-to-month,No,Electronic check,70.05,302.6,2064,0,1,83.61,High Risk
United States,California,San Rafael,94903,"38.018065, -122.546024",38.018065,-122.546024,Female,Yes,No,No,8,Yes,Yes,Fiber optic,No,No,No,No,No,No,Month-to-month,Yes,Electronic check,75.75,606.25,4174,1,1,94.57,High Risk
United States,California,Valley Center,92082,"33.25283, -116.986079",33.25283,-116.986079,Male,No,No,No,15,Yes,No,No,No internet service,No internet service,No internet service,No internet service,No internet service,No internet service,Month-to-month,Yes,Mailed check,19.8,309.4,2681,0,0,35.66,Low Risk
United States,California,Palo Cedro,96073,"40.582399, -122.195512",40.582399,-122.195512,Male,Yes,No,No,2,Yes,No,Fiber optic,No,Yes,No,No,No,No,Month-to-month,Yes,Electronic check,74.7,165.4,2803,1,1,85.94,High Risk
United States,California,San Francisco,94111,"37.801776, -122.402293",37.801776,-122.402293,Female,No,Yes,Yes,13,Yes,Yes,No,No internet service,No internet service,No internet service,No internet service,No internet service,No internet service,Two year,Yes,Bank transfer (automatic),25.0,332.5,4734,0,0,1.82,Low Risk
United States,California,Portola,96122,"39.786755, -120.445626",39.786755,-120.445626,Female,Yes,Yes,No,17,Yes,Yes,Fiber optic,Yes,No,Yes,No,No,No,Month-to-month,Yes,Bank transfer (automatic),85.35,1463.45,3209,1,1,59.26,Medium Risk
United States,California,Carlotta,95528,"40.497283, -123.93037",40.497283,-123.93037,Male,No,Yes,No,24,Yes,Yes,DSL,Yes,No,No,Yes,No,No,One year,Yes,Electronic check,58.35,1346.9,5428,0,0,20.83,Low Risk
United States,California,Madeline,96119,"41.042003, -120.506086",41.042003,-120.506086,Female,No,Yes,Yes,50,Yes,No,No,No internet service,No internet service,No internet service,No internet service,No internet service,No internet service,Two year,No,Credit card (automatic),20.55,1070.25,4878,0,0,0.12,Low Risk
United States,California,Stockton,95203,"37.954089, -121.329761",37.954089,-121.329761,Male,No,No,No,57,Yes,No,DSL,Yes,No,Yes,No,Yes,Yes,Two year,Yes,Bank transfer (automatic),74.35,4317.35,5548,0,0,4.44,Low Risk
United States,California,Glendora,91740,"34.119363, -117.855059",34.119363,-117.855059,Female,Yes,No,No,3,No,No phone service,DSL,No,No,No,No,No,No,Month-to-month,No,Electronic check,25.3,77.75,3542,1,1,63.24,Medium Risk
United States,California,Long Beach,90815,"33.797638, -118.11662",33.797638,-118.11662,Male,No,No,No,37,Yes,Yes,Fiber optic,Yes,No,No,No,Yes,No,Month-to-month,Yes,Electronic check,91.15,3369.25,3194,0,1,68.88,Medium Risk
United States,California,Capay,95607,"38.681651, -122.130569",38.681651,-122.130569,Female,No,Yes,No,71,Yes,Yes,No,No internet service,No internet service,No internet service,No internet service,No internet service,No internet service,Two year,No,Credit card (automatic),25.6,1888.25,5063,0,0,0.64,Low Risk
United States,California,Bakersfield,93304,"35.339796, -119.023552",35.339796,-119.023552,Male,No,Yes,No,72,Yes,Yes,DSL,Yes,No,Yes,Yes,No,No,Two year,Yes,Credit card (automatic),66.5,4811.6,4397,0,0,0.95,Low Risk
United States,California,Madison,95653,"38.674276, -121.961866",38.674276,-121.961866,Male,No,No,Yes,52,Yes,Yes,No,No internet service,No internet service,No internet service,No internet service,No internet service,No internet service,Two year,No,Credit card (automatic),25.6,1334.5,5662,0,0,0.25,Low Risk
United States,California,Bakersfield,93311,"35.16207, -119.194488",35.16207,-119.194488,Male,No,No,No,4,Yes,No,No,No internet service,No internet service,No internet service,No internet service,No internet service,No internet service,Month-to-month,Yes,Electronic check,19.85,63.0,5918,0,1,50.2,Medium Risk
United States,California,Escondido,92026,"33.21846, -117.116916",33.21846,-117.116916,Male,No,No,No,9,Yes,No,DSL,Yes,No,Yes,Yes,Yes,No,Month-to-month,Yes,Mailed check,69.5,653.25,3628,0,0,35.81,Low Risk
United States,California,Mc Kittrick,93251,"35.38381, -119.730885",35.38381,-119.730885,Male,Yes,Yes,No,7,Yes,Yes,Fiber optic,No,No,No,No,No,No,Month-to-month,Yes,Electronic check,74.85,485.25,2259,0,1,94.16,High Risk
United States,California,Davis,95616,"38.508735, -121.678813",38.508735,-121.678813,Female,No,Yes,Yes,48,Yes,No,DSL,Yes,Yes,Yes,No,No,Yes,Two year,Yes,Credit card (automatic),70.1,3238.4,5476,0,0,1.93,Low Risk
United States,California,Long Beach,90804,"33.783047, -118.1486",33.783047,-118.1486,Female,No,Yes,No,47,Yes,No,DSL,No,Yes,No,No,Yes,No,Month-to-month,Yes,Bank transfer (automatic),58.6,2723.4,2613,0,0,48.87,Medium Risk
United States,California,Penn Valley,95946,"39.203817, -121.19584",39.203817,-121.19584,Female,Yes,No,No,4,Yes,No,Fiber optic,No,Yes,No,No,No,No,Month-to-month,No,Electronic check,72.75,317.75,4503,0,1,69.96,Medium Risk
United States,California,Rancho Santa Fe,92067,"33.012751, -117.200617",33.012751,-117.200617,Female,No,No,No,47,Yes,No,Fiber optic,Yes,No,Yes,Yes,Yes,Yes,One year,Yes,Electronic check,103.7,4730.6,4543,0,0,24.94,Low Risk
United States,California,San Jose,95124,"37.257063, -121.923037",37.257063,-121.923037,Male,No,Yes,No,24,No,No phone service,DSL,No,No,Yes,No,No,No,Month-to-month,No,Electronic check,29.1,688.0,4636,0,1,67.61,Medium Risk
United States,California,Arnold,95223,"38.32153, -120.236358",38.32153,-120.236358,Female,No,No,No,1,Yes,No,DSL,No,No,Yes,No,No,No,Month-to-month,Yes,Mailed check,50.45,50.45,2806,1,1,60.79,Medium Risk
United States,California,Wheatland,95692,"39.043387, -121.409837",39.043387,-121.409837,Male,No,No,No,1,No,No phone service,DSL,No,Yes,No,Yes,No,Yes,Month-to-month,Yes,Mailed check,44.65,44.65,3704,1,1,70.41,High Risk
United States,California,Upper Lake,95485,"39.220368, -122.907693",39.220368,-122.907693,Female,No,Yes,Yes,1,Yes,No,No,No internet service,No internet service,No internet service,No internet service,No internet service,No internet service,Month-to-month,No,Electronic check,19.25,19.25,2053,0,0,11.95,Low Risk
United States,California,Indio,92203,"33.752938, -116.230055",33.752938,-116.230055,Male,No,No,No,48,Yes,Yes,Fiber optic,No,Yes,Yes,No,Yes,Yes,Two year,Yes,Bank transfer (automatic),108.1,5067.45,5994,0,0,20.77,Low Risk
United States,California,Oakland,94612,"37.809014, -122.269739",37.809014,-122.269739,Male,No,No,No,27,Yes,No,No,No internet service,No internet service,No internet service,No internet service,No internet service,No internet service,One year,No,Bank transfer (automatic),20.1,562.6,3428,0,0,3.57,Low Risk
United States,California,Burson,95225,"38.183918, -120.898817",38.183918,-120.898817,Female,No,Yes,No,60,Yes,No,DSL,Yes,Yes,No,Yes,No,No,Two year,No,Bank transfer (automatic),59.85,3483.45,4029,0,0,0.87,Low Risk
United States,California,Moreno Valley,92551,"33.88274, -117.224878",33.88274,-117.224878,Female,No,No,No,26,Yes,No,DSL,No,Yes,Yes,No,No,No,One year,Yes,Mailed check,56.05,1553.2,3079,0,0,13.06,Low Risk
United States,California,San Quentin,94964,"37.942551, -122.491642",37.942551,-122.491642,Female,Yes,No,No,51,Yes,No,No,No internet service,No internet service,No internet service,No internet service,No internet service,No internet service,Two year,No,Credit card (automatic),19.6,967.9,4224,0,0,0.7,Low Risk
United States,California,Elmira,95625,"38.349195, -121.902943",38.349195,-121.902943,Female,No,No,No,4,Yes,No,Fiber optic,No,No,No,No,Yes,No,Month-to-month,Yes,Electronic check,79.0,303.15,2085,1,1,88.37,High Risk
United States,California,Cerritos,90703,"33.8681, -118.067402",33.8681,-118.067402,Female,Yes,No,No,26,Yes,Yes,DSL,No,No,No,Yes,No,Yes,Month-to-month,Yes,Electronic check,66.05,1652.4,3225,0,0,27.2,Low Risk
United States,California,Grand Terrace,92313,"34.029175, -117.307211",34.029175,-117.307211,Female,No,No,No,41,Yes,Yes,Fiber optic,Yes,Yes,Yes,Yes,Yes,No,Month-to-month,Yes,Electronic check,106.5,4282.4,4434,0,0,27.81,Low Risk
United States,California,Tupman,93276,"35.316263, -119.402559",35.316263,-119.402559,Female,No,Yes,No,68,Yes,Yes,Fiber optic,Yes,Yes,Yes,Yes,Yes,Yes,Two year,No,Bank transfer (automatic),114.9,7843.55,5782,0,0,6.18,Low Risk
United States,California,Santa Ana,92701,"33.748478, -117.858918",33.748478,-117.858918,Male,No,Yes,Yes,45,Yes,No,DSL,Yes,No,No,Yes,No,No,Two year,No,Bank transfer (automatic),54.65,2553.7,5083,0,0,0.77,Low Risk
United States,California,Bieber,96009,"41.083464, -121.107929",41.083464,-121.107929,Female,No,Yes,No,22,Yes,No,DSL,No,Yes,No,No,Yes,Yes,One year,Yes,Bank transfer (automatic),69.5,1498.2,5922,1,0,33.87,Low Risk
United States,California,Stevinson,95374,"37.316807, -120.855753",37.316807,-120.855753,Male,No,No,No,12,Yes,No,Fiber optic,No,No,No,No,No,Yes,Month-to-month,Yes,Bank transfer (automatic),79.95,1043.4,2968,0,1,76.76,High Risk
United States,California,San Jacinto,92583,"33.796568, -116.924723",33.796568,-116.924723,Female,No,No,No,1,Yes,No,DSL,No,No,No,No,No,No,Month-to-month,No,Credit card (automatic),43.95,43.95,5684,0,1,74.4,High Risk
United States,California,Santa Maria,93454,"34.943523, -120.256729",34.943523,-120.256729,Male,No,No,No,7,Yes,Yes,Fiber optic,No,No,No,No,Yes,Yes,Month-to-month,Yes,Electronic check,94.1,701.3,5259,0,1,76.44,High Risk
United States,California,Topanga,90290,"34.115192, -118.61017",34.115192,-118.61017,Female,No,No,No,1,Yes,No,No,No internet service,No internet service,No internet service,No internet service,No internet service,No internet service,Month-to-month,Yes,Bank transfer (automatic),20.2,20.2,3061,1,0,29.23,Low Risk
United States,California,South Dos Palos,93665,"36.959731, -120.653519",36.959731,-120.653519,Female,No,No,No,13,No,No phone service,DSL,No,No,No,No,No,No,Month-to-month,Yes,Electronic check,23.9,300.8,2967,1,1,89.5,High Risk
United States,California,Elk Grove,95624,"38.434138, -121.30587",38.434138,-121.30587,Male,No,No,No,51,Yes,No,No,No internet service,No internet service,No internet service,No internet service,No internet service,No internet service,Two year,No,Mailed check,20.45,1042.65,6097,0,0,12.99,Low Risk
United States,California,Woodland Hills,91364,"34.153733, -118.593408",34.153733,-118.593408,Male,No,Yes,Yes,4,Yes,No,DSL,No,No,No,No,No,No,Month-to-month,No,Electronic check,44.8,169.65,2114,0,0,13.5,Low Risk
United States,California,Holtville,92250,"32.811001, -115.152865",32.811001,-115.152865,Male,No,No,No,26,Yes,Yes,Fiber optic,No,No,Yes,Yes,No,No,Month-to-month,Yes,Mailed check,84.3,2281.6,5471,0,1,70.95,High Risk
United States,California,San Jose,95148,"37.339533, -121.777179",37.339533,-121.777179,Female,No,No,No,24,Yes,Yes,Fiber optic,No,No,Yes,No,Yes,No,Month-to-month,Yes,Credit card (automatic),88.95,2072.75,5557,0,1,83.23,High Risk
United States,California,San Diego,92107,"32.741852, -117.243453",32.741852,-117.243453,Female,Yes,Yes,No,61,Yes,Yes,Fiber optic,Yes,Yes,Yes,Yes,No,No,Month-to-month,Yes,Credit card (automatic),94.2,5895.45,5274,0,0,24.62,Low Risk
United States,California,Calistoga,94515,"38.629618, -122.593216",38.629618,-122.593216,Female,No,No,No,72,Yes,Yes,Fiber optic,Yes,Yes,Yes,Yes,Yes,Yes,Two year,Yes,Electronic check,114.9,8496.7,4589,0,0,13.05,Low Risk
United States,California,Rancho Santa Margarita,92688,"33.624654, -117.611733",33.624654,-117.611733,Female,No,No,No,55,Yes,Yes,Fiber optic,Yes,No,Yes,No,No,No,One year,Yes,Credit card (automatic),84.25,4589.85,5735,0,0,18.67,Low Risk
United States,California,Hathaway Pines,95233,"38.184914, -120.364085",38.184914,-120.364085,Male,No,No,No,12,Yes,No,Fiber optic,Yes,No,Yes,No,No,No,Month-to-month,No,Bank transfer (automatic),81.7,858.6,2850,1,1,62.51,Medium Risk
United States,California,Greenfield,93927,"36.248708, -121.386617",36.248708,-121.386617,Male,No,Yes,Yes,64,Yes,Yes,Fiber optic,Yes,No,Yes,No,No,Yes,Two year,No,Bank transfer (automatic),93.4,5822.3,6249,0,0,7.93,Low Risk
United States,California,Vallejo,94590,"38.104705, -122.247387",38.104705,-122.247387,Female,Yes,No,No,37,Yes,Yes,Fiber optic,No,No,No,No,Yes,Yes,Month-to-month,Yes,Electronic check,96.55,3580.3,4448,1,1,77.66,High Risk
United States,California,Moreno Valley,92553,"33.923149, -117.244933",33.923149,-117.244933,Male,No,Yes,No,72,Yes,Yes,DSL,Yes,Yes,Yes,Yes,Yes,Yes,Two year,Yes,Credit card (automatic),88.7,6301.7,5764,0,0,2.58,Low Risk
United States,California,Paso Robles,93446,"35.634222, -120.728341",35.634222,-120.728341,Male,No,No,No,11,Yes,No,No,No internet service,No internet service,No internet service,No internet service,No internet service,No internet service,One year,No,Mailed check,19.5,226.8,5825,0,0,14.05,Low Risk
United States,California,Norco,92860,"33.925833, -117.559639",33.925833,-117.559639,Female,Yes,Yes,No,52,Yes,Yes,Fiber optic,Yes,Yes,Yes,No,Yes,Yes,Month-to-month,Yes,Electronic check,109.1,5647.95,4428,0,1,67.55,Medium Risk
United States,California,Palos Verdes Peninsula,90274,"33.788208, -118.404955",33.788208,-118.404955,Female,No,Yes,Yes,58,Yes,No,DSL,No,No,No,No,No,No,One year,Yes,Mailed check,44.1,2413.05,5040,0,0,0.67,Low Risk
United States,California,Murphys,95247,"38.147852, -120.440124",38.147852,-120.440124,Female,No,No,No,4,Yes,No,DSL,Yes,Yes,No,No,No,No,Month-to-month,No,Electronic check,55.2,220.65,4042,0,1,61.27,Medium Risk
United States,California,Garden Grove,92843,"33.764018, -117.931507",33.764018,-117.931507,Female,No,Yes,Yes,38,Yes,No,No,No internet service,No internet service,No internet service,No internet service,No internet service,No internet service,One year,No,Mailed check,20.3,749.35,4686,0,0,0.48,Low Risk
United States,California,Hayward,94542,"37.656695, -122.048361",37.656695,-122.048361,Male,No,No,Yes,3,Yes,No,No,No internet service,No internet service,No internet service,No internet service,No internet service,No internet service,Month-to-month,No,Mailed check,20.85,60.65,5868,0,0,12.13,Low Risk
United States,California,Sacramento,95837,"38.691607, -121.602284",38.691607,-121.602284,Male,No,No,No,62,Yes,Yes,Fiber optic,Yes,Yes,No,No,No,Yes,One year,Yes,Bank transfer (automatic),92.3,5731.45,6468,0,1,53.83,Medium Risk
United States,California,Bolinas,94924,"37.943087, -122.72379",37.943087,-122.72379,Female,No,No,No,8,Yes,No,DSL,Yes,No,No,Yes,No,No,One year,No,Bank transfer (automatic),54.25,447.75,2237,0,0,36.04,Low Risk
United States,California,Jenner,95450,"38.505995, -123.187019",38.505995,-123.187019,Male,No,Yes,Yes,16,Yes,No,No,No internet service,No internet service,No internet service,No internet service,No internet service,No internet service,Month-to-month,No,Electronic check,19.75,313.4,3677,0,0,12.42,Low Risk
United States,California,Quincy,95971,"39.971228, -121.041166",39.971228,-121.041166,Male,No,No,No,8,Yes,No,DSL,No,No,No,No,No,No,Month-to-month,No,Mailed check,43.55,335.4,3266,0,1,75.7,High Risk
United States,California,Colusa,95932,"39.273096, -122.050763",39.273096,-122.050763,Male,No,No,No,1,Yes,No,No,No internet service,No internet service,No internet service,No internet service,No internet service,No internet service,Month-to-month,No,Mailed check,19.8,19.8,5600,1,0,27.07,Low Risk
United States,California,Berry Creek,95916,"39.657228, -121.37778",39.657228,-121.37778,Male,No,Yes,Yes,52,No,No phone service,DSL,No,Yes,Yes,Yes,Yes,No,Two year,No,Mailed check,50.2,2554.0,5396,0,0,0.85,Low Risk
United States,California,Livingston,95334,"37.361987, -120.748394",37.361987,-120.748394,Female,No,Yes,No,72,Yes,Yes,No,No internet service,No internet service,No internet service,No internet service,No internet service,No internet service,Two year,Yes,Mailed check,26.0,1776.0,5374,0,0,0.79,Low Risk
United States,California,Cabazon,92230,"33.929812, -116.76058",33.929812,-116.76058,Male,Yes,No,No,16,Yes,No,Fiber optic,No,No,No,No,No,No,Month-to-month,No,Electronic check,69.65,1043.3,5610,0,1,71.78,High Risk
United States,California,Sebastopol,95472,"38.398815, -122.861923",38.398815,-122.861923,Male,No,No,No,18,Yes,Yes,Fiber optic,No,No,Yes,No,Yes,No,One year,Yes,Credit card (automatic),89.6,1633.0,2269,0,0,49.1,Medium Risk
United States,California,Vacaville,95688,"38.419088, -122.024568",38.419088,-122.024568,Male,No,No,No,1,Yes,No,No,No internet service,No internet service,No internet service,No internet service,No internet service,No internet service,Month-to-month,No,Mailed check,20.25,20.25,2959,1,0,20.42,Low Risk
United States,California,Gazelle,96034,"41.411315, -122.697236",41.411315,-122.697236,Male,No,Yes,No,72,Yes,No,DSL,No,Yes,Yes,No,Yes,Yes,Two year,Yes,Bank transfer (automatic),75.4,5480.25,4171,0,0,5.32,Low Risk
United States,California,Novato,94947,"38.112166, -122.634384",38.112166,-122.634384,Female,No,Yes,No,49,Yes,No,No,No internet service,No internet service,No internet service,No internet service,No internet service,No internet service,One year,No,Credit card (automatic),20.7,1032.05,4074,0,0,2.89,Low Risk
United States,California,Forest Knolls,94933,"38.010092, -122.689442",38.010092,-122.689442,Male,No,No,No,1,Yes,No,DSL,No,No,No,No,No,No,Month-to-month,No,Electronic check,44.0,44.0,2785,0,1,76.22,High Risk
United States,California,Rancho Cucamonga,91730,"34.10097, -117.57882",34.10097,-117.57882,Female,No,Yes,No,51,Yes,No,Fiber optic,Yes,Yes,Yes,No,Yes,No,One year,Yes,Electronic check,93.5,4619.55,5561,0,0,34.88,Low Risk
United States,California,Palermo,95968,"39.435756, -121.552071",39.435756,-121.552071,Male,Yes,Yes,No,72,Yes,Yes,Fiber optic,No,Yes,No,No,Yes,Yes,One year,Yes,Credit card (automatic),97.25,7133.1,6156,0,0,34.78,Low Risk
United States,California,Long Barn,95335,"38.109125, -120.078597",38.109125,-120.078597,Male,Yes,Yes,No,72,Yes,Yes,DSL,No,Yes,Yes,Yes,Yes,No,Two year,No,Credit card (automatic),77.35,5396.25,6202,0,0,5.98,Low Risk
United States,California,San Francisco,94134,"37.721052, -122.413573",37.721052,-122.413573,Female,No,No,No,16,Yes,No,No,No internet service,No internet service,No internet service,No internet service,No internet service,No internet service,One year,No,Mailed check,19.05,326.65,4336,0,0,7.04,Low Risk
United States,California,San Diego,92126,"32.886925, -117.152162",32.886925,-117.152162,Male,No,Yes,Yes,16,Yes,Yes,DSL,Yes,Yes,No,Yes,Yes,Yes,Month-to-month,No,Electronic check,84.9,1398.25,2269,0,0,23.29,Low Risk
United States,California,Soquel,95073,"37.023669, -121.946461",37.023669,-121.946461,Male,No,No,No,1,Yes,No,No,No internet service,No internet service,No internet service,No internet service,No internet service,No internet service,Month-to-month,No,Bank transfer (automatic),19.65,19.65,3625,0,0,30.93,Low Risk
United States,California,Elmira,95625,"38.349195, -121.902943",38.349195,-121.902943,Male,No,Yes,No,10,Yes,Yes,Fiber optic,No,No,No,No,Yes,No,Month-to-month,Yes,Electronic check,85.6,813.85,5146,1,1,92.36,High Risk
United States,California,Piercy,95587,"39.955587, -123.681175",39.955587,-123.681175,Female,No,Yes,No,57,Yes,Yes,Fiber optic,No,No,Yes,No,Yes,Yes,One year,Yes,Credit card (automatic),100.75,5985.0,6354,0,1,59.31,Medium Risk
United States,California,Patterson,95363,"37.410236, -121.320337",37.410236,-121.320337,Male,No,Yes,Yes,32,Yes,No,Fiber optic,Yes,Yes,No,No,No,Yes,One year,Yes,Electronic check,90.8,3023.85,2722,0,0,9.87,Low Risk
United States,California,La Mesa,91942,"32.782501, -117.01611",32.782501,-117.01611,Female,No,No,No,72,Yes,Yes,Fiber optic,Yes,Yes,Yes,No,Yes,No,Two year,Yes,Bank transfer (automatic),101.3,7261.25,5513,0,0,5.34,Low Risk
United States,California,Roseville,95747,"38.784329, -121.373245",38.784329,-121.373245,Female,Yes,Yes,No,58,Yes,Yes,Fiber optic,No,Yes,No,No,Yes,Yes,One year,Yes,Bank transfer (automatic),97.8,5458.8,6019,0,0,33.98,Low Risk
United States,California,Sacramento,95835,"38.685069, -121.543709",38.685069,-121.543709,Female,No,No,No,23,Yes,Yes,DSL,No,No,No,Yes,Yes,Yes,One year,Yes,Mailed check,73.75,1756.6,3483,0,1,56.31,Medium Risk
United States,California,San Diego,92109,"32.787836, -117.232376",32.787836,-117.232376,Male,Yes,No,No,25,Yes,Yes,Fiber optic,No,Yes,No,No,Yes,No,Month-to-month,Yes,Electronic check,89.5,2196.15,4849,1,1,83.18,High Risk
United States,California,Chowchilla,93610,"37.100948, -120.270136",37.100948,-120.270136,Male,No,Yes,Yes,32,Yes,No,No,No internet service,No internet service,No internet service,No internet service,No internet service,No internet service,Month-to-month,Yes,Credit card (automatic),19.45,674.55,4363,0,0,1.76,Low Risk
United States,California,San Clemente,92673,"33.4725, -117.584273",33.4725,-117.584273,Female,No,No,No,69,Yes,Yes,Fiber optic,No,No,Yes,Yes,Yes,Yes,Two year,No,Electronic check,104.0,7028.5,5902,0,0,8.78,Low Risk
United States,California,Glencoe,95232,"38.358464, -120.579304",38.358464,-120.579304,Female,No,Yes,Yes,72,Yes,No,Fiber optic,Yes,Yes,Yes,Yes,Yes,Yes,Two year,Yes,Credit card (automatic),109.5,7854.9,6419,0,0,2.63,Low Risk
United States,California,Redway,95560,"40.142256, -123.852927",40.142256,-123.852927,Male,No,No,No,50,No,No phone service,DSL,Yes,No,No,Yes,No,No,One year,Yes,Mailed check,35.4,1748.9,5052,0,0,31.13,Low Risk
United States,California,Five Points,93624,"36.397745, -120.119911",36.397745,-120.119911,Male,No,Yes,No,28,Yes,Yes,Fiber optic,Yes,Yes,No,No,Yes,Yes,One year,No,Electronic check,106.1,2847.4,3770,1,1,68.1,Medium Risk
United States,California,Colfax,95713,"39.084645, -120.894014",39.084645,-120.894014,Female,No,Yes,No,10,Yes,No,No,No internet service,No internet service,No internet service,No internet service,No internet service,No internet service,One year,No,Mailed check,20.1,184.4,3509,0,0,15.83,Low Risk
United States,California,Temecula,92592,"33.507255, -117.029473",33.507255,-117.029473,Male,No,Yes,Yes,58,Yes,Yes,Fiber optic,No,Yes,No,Yes,Yes,No,One year,Yes,Credit card (automatic),94.7,5430.35,5653,0,0,16.97,Low Risk
United States,California,Menlo Park,94025,"37.449551, -122.183762",37.449551,-122.183762,Male,Yes,Yes,No,7,Yes,Yes,Fiber optic,No,No,No,No,No,No,Month-to-month,Yes,Electronic check,75.4,533.05,3533,0,1,87.11,High Risk
United States,California,Big Bear City,92314,"34.278967, -116.773825",34.278967,-116.773825,Male,No,No,Yes,4,Yes,No,DSL,Yes,No,No,No,No,No,Month-to-month,No,Electronic check,49.35,219.65,5858,1,0,17.1,Low Risk
United States,California,Hawaiian Gardens,90716,"33.830431, -118.074071",33.830431,-118.074071,Female,No,Yes,Yes,34,Yes,No,DSL,Yes,Yes,Yes,No,No,No,One year,Yes,Mailed check,60.8,2042.05,4522,0,0,3.62,Low Risk
United States,California,King City,93930,"36.220761, -120.980777",36.220761,-120.980777,Female,No,Yes,Yes,70,Yes,Yes,Fiber optic,Yes,Yes,Yes,Yes,Yes,Yes,Two year,Yes,Credit card (automatic),115.15,8250.0,4388,0,0,2.4,Low Risk
United States,California,Long Beach,90808,"33.823943, -118.111335",33.823943,-118.111335,Male,Yes,Yes,Yes,71,Yes,Yes,DSL,No,Yes,Yes,Yes,No,Yes,One year,Yes,Bank transfer (automatic),72.9,5139.65,6404,0,0,3.25,Low Risk
United States,California,Fresno,93706,"36.654614, -119.903674",36.654614,-119.903674,Male,No,No,No,21,Yes,Yes,Fiber optic,Yes,No,Yes,No,Yes,Yes,Month-to-month,No,Mailed check,103.85,2215.0,4520,0,1,84.4,High Risk
United States,California,Willits,95490,"39.492046, -123.375818",39.492046,-123.375818,Female,No,No,No,56,Yes,No,DSL,Yes,No,Yes,Yes,No,No,One year,Yes,Credit card (automatic),60.25,3282.75,4835,0,0,1.08,Low Risk
United States,California,Beaumont,92223,"33.946982, -116.977672",33.946982,-116.977672,Male,No,No,Yes,71,Yes,No,DSL,Yes,Yes,Yes,Yes,Yes,No,Two year,Yes,Credit card (automatic),76.9,5522.7,4633,0,0,0.69,Low Risk
United States,California,Whitethorn,95589,"40.053159, -123.995867",40.053159,-123.995867,Female,No,Yes,No,14,Yes,Yes,Fiber optic,No,No,Yes,No,No,Yes,Month-to-month,Yes,Electronic check,87.25,1258.6,4786,1,1,86.59,High Risk
United States,California,Santa Rosa,95401,"38.460517, -122.790335",38.460517,-122.790335,Male,No,Yes,Yes,41,Yes,No,No,No internet service,No internet service,No internet service,No internet service,No internet service,No internet service,One year,No,Bank transfer (automatic),19.5,798.2,2446,0,0,1.85,Low Risk
United States,California,Antioch,94509,"37.980057, -121.801599",37.980057,-121.801599,Female,No,No,No,3,Yes,Yes,Fiber optic,No,No,No,No,No,No,Month-to-month,No,Bank transfer (automatic),74.4,215.8,2054,1,1,82.64,High Risk
United States,California,Arbuckle,95912,"38.982373, -122.047751",38.982373,-122.047751,Female,No,Yes,Yes,58,Yes,No,No,No internet service,No internet service,No internet service,No internet service,No internet service,No internet service,Two year,No,Credit card (automatic),20.5,1191.4,6186,0,0,0.18,Low Risk
United States,California,Carmel Valley,93924,"36.414611, -121.6386",36.414611,-121.6386,Female,No,Yes,Yes,72,No,No phone service,DSL,Yes,Yes,Yes,Yes,Yes,Yes,Two year,No,Bank transfer (automatic),65.7,4575.35,6187,0,0,0.37,Low Risk
United States,California,Pearblossom,93553,"34.445239, -117.894868",34.445239,-117.894868,Female,No,No,No,13,Yes,Yes,Fiber optic,No,Yes,Yes,Yes,No,No,Month-to-month,No,Electronic check,89.4,1132.35,2226,1,1,85.77,High Risk
United States,California,Raymond,93653,"37.252057, -119.95783",37.252057,-119.95783,Male,No,Yes,No,43,Yes,No,DSL,Yes,No,Yes,Yes,Yes,Yes,Two year,Yes,Credit card (automatic),79.15,3566.6,3716,0,0,6.27,Low Risk
United States,California,Bieber,96009,"41.083464, -121.107929",41.083464,-121.107929,Male,No,No,No,41,No,No phone service,DSL,No,No,Yes,No,Yes,Yes,One year,Yes,Electronic check,51.35,2075.1,5622,0,0,34.36,Low Risk
United States,California,Sunnyvale,94089,"37.421633, -122.009613",37.421633,-122.009613,Female,No,No,No,2,Yes,No,Fiber optic,No,No,No,No,No,No,Month-to-month,No,Bank transfer (automatic),70.0,153.05,2928,1,1,55.4,Medium Risk
United States,California,Reedley,93654,"36.636638, -119.421842",36.636638,-119.421842,Female,No,No,No,1,Yes,No,No,No internet service,No internet service,No internet service,No internet service,No internet service,No internet service,Month-to-month,No,Credit card (automatic),20.3,20.3,2507,0,0,13.91,Low Risk
United States,California,Lockeford,95237,"38.166791, -121.14207",38.166791,-121.14207,Male,No,No,No,4,Yes,No,Fiber optic,No,No,No,No,No,Yes,Month-to-month,Yes,Electronic check,79.9,324.3,4669,1,1,86.71,High Risk
United States,California,Long Beach,90806,"33.802664, -118.179971",33.802664,-118.179971,Male,No,No,No,1,Yes,No,No,No internet service,No internet service,No internet service,No internet service,No internet service,No internet service,Month-to-month,Yes,Mailed check,19.9,19.9,4590,0,0,49.99,Medium Risk
United States,California,Panorama City,91402,"34.223768, -118.445461",34.223768,-118.445461,Male,No,Yes,No,72,Yes,Yes,Fiber optic,Yes,Yes,Yes,Yes,Yes,Yes,Two year,Yes,Credit card (automatic),114.1,8086.4,4965,0,0,18.85,Low Risk
United States,California,Los Angeles,90058,"34.001617, -118.222274",34.001617,-118.222274,Female,No,Yes,No,69,Yes,Yes,DSL,Yes,No,Yes,Yes,No,No,Two year,Yes,Credit card (automatic),64.15,4254.1,5128,0,0,7.42,Low Risk
United States,California,Brea,92823,"33.924143, -117.79387",33.924143,-117.79387,Male,No,Yes,No,27,No,No phone service,DSL,No,Yes,Yes,No,No,Yes,One year,Yes,Credit card (automatic),45.85,1246.4,2068,0,1,71.35,High Risk
United States,California,Bass Lake,93604,"37.458367, -119.345011",37.458367,-119.345011,Female,No,No,Yes,14,Yes,No,DSL,No,No,Yes,No,Yes,No,Month-to-month,Yes,Credit card (automatic),59.8,824.85,5962,0,0,14.49,Low Risk
United States,California,San Marino,91108,"34.122671, -118.112911",34.122671,-118.112911,Male,No,No,No,19,Yes,No,DSL,No,No,No,No,No,No,Month-to-month,Yes,Bank transfer (automatic),45.0,865.85,4519,0,0,46.17,Medium Risk
United States,California,Port Hueneme,93041,"34.110124, -119.100972",34.110124,-119.100972,Female,No,Yes,No,18,Yes,No,Fiber optic,No,No,Yes,No,Yes,Yes,Month-to-month,Yes,Credit card (automatic),95.95,1745.5,5009,0,1,91.35,High Risk
United States,California,Newbury Park,91320,"34.172071, -118.946262",34.172071,-118.946262,Male,No,Yes,Yes,5,Yes,No,Fiber optic,Yes,No,Yes,No,No,Yes,Month-to-month,Yes,Mailed check,90.35,434.5,4014,0,0,27.72,Low Risk
United States,California,Topanga,90290,"34.115192, -118.61017",34.115192,-118.61017,Male,No,Yes,Yes,28,Yes,No,Fiber optic,No,Yes,Yes,No,Yes,Yes,One year,No,Bank transfer (automatic),100.35,2799.0,3411,0,0,8.08,Low Risk
United States,California,Hornbrook,96044,"41.962127, -122.527696",41.962127,-122.527696,Female,No,No,No,30,Yes,No,DSL,Yes,Yes,Yes,Yes,Yes,No,One year,No,Credit card (automatic),74.65,2308.6,5616,0,0,4.51,Low Risk
United States,California,El Nido,95317,"37.127386, -120.506422",37.127386,-120.506422,Female,Yes,No,No,71,Yes,Yes,Fiber optic,No,No,Yes,No,Yes,Yes,Two year,No,Bank transfer (automatic),104.05,7413.55,4113,0,0,14.57,Low Risk
United States,California,Oroville,95966,"39.473896, -121.415927",39.473896,-121.415927,Male,No,No,No,1,Yes,No,DSL,Yes,No,No,Yes,No,No,Month-to-month,Yes,Electronic check,53.95,53.95,2771,1,0,43.58,Medium Risk
United States,California,Fontana,92335,"34.087558, -117.464096",34.087558,-117.464096,Male,No,Yes,Yes,71,Yes,Yes,Fiber optic,Yes,No,No,No,Yes,Yes,Two year,Yes,Electronic check,97.2,6910.3,4603,0,0,3.44,Low Risk
United States,California,Santa Clara,95051,"37.348129, -121.98469",37.348129,-121.98469,Female,No,Yes,Yes,32,Yes,Yes,DSL,No,Yes,Yes,No,No,No,Month-to-month,No,Bank transfer (automatic),62.45,2045.55,5442,0,0,5.52,Low Risk
United States,California,Mi Wuk Village,95346,"38.121601, -120.133915",38.121601,-120.133915,Female,Yes,No,No,70,Yes,Yes,DSL,No,Yes,Yes,Yes,Yes,No,Two year,Yes,Bank transfer (automatic),75.5,5212.65,6024,0,0,4.56,Low Risk
United States,California,Canby,96015,"41.486953, -120.913975",41.486953,-120.913975,Male,No,No,No,1,Yes,No,DSL,No,No,No,No,No,Yes,Month-to-month,Yes,Electronic check,55.25,55.25,3255,0,1,67.18,Medium Risk
United States,California,Carmel By The Sea,93921,"36.554618, -121.922239",36.554618,-121.922239,Male,No,Yes,No,1,Yes,No,Fiber optic,No,No,No,No,No,No,Month-to-month,Yes,Electronic check,71.0,71.0,4207,1,1,90.04,High Risk
United States,California,Brookdale,95007,"37.106902, -122.100006",37.106902,-122.100006,Female,Yes,No,No,4,Yes,Yes,DSL,No,No,No,No,No,No,Month-to-month,No,Mailed check,48.75,179.85,3048,0,0,49.35,Medium Risk
United States,California,Catheys Valley,95306,"37.394411, -120.127262",37.394411,-120.127262,Male,Yes,Yes,No,43,Yes,Yes,Fiber optic,No,Yes,No,Yes,Yes,No,Month-to-month,Yes,Electronic check,94.3,3953.15,2040,0,1,75.56,High Risk
United States,California,Los Angeles,90061,"33.92128, -118.274186",33.92128,-118.274186,Male,No,Yes,No,72,Yes,Yes,DSL,Yes,Yes,Yes,Yes,Yes,Yes,Two year,No,Credit card (automatic),92.3,6719.9,5136,0,0,3.69,Low Risk
United States,California,Big Pine,93513,"37.245505, -118.062943",37.245505,-118.062943,Male,Yes,Yes,No,72,Yes,Yes,Fiber optic,Yes,Yes,Yes,Yes,Yes,Yes,Two year,Yes,Bank transfer (automatic),114.95,8196.4,6268,0,0,14.87,Low Risk
United States,California,Apple Valley,92307,"34.55082, -117.122396",34.55082,-117.122396,Male,Yes,Yes,No,4,Yes,Yes,Fiber optic,No,No,No,No,No,No,Month-to-month,Yes,Mailed check,74.4,306.6,5839,1,1,94.71,High Risk
United States,California,San Lorenzo,94580,"37.676249, -122.132415",37.676249,-122.132415,Female,No,No,No,24,Yes,Yes,No,No internet service,No internet service,No internet service,No internet service,No internet service,No internet service,One year,No,Bank transfer (automatic),24.6,605.25,4147,0,0,14.69,Low Risk
United States,California,Gardena,90248,"33.876482, -118.284077",33.876482,-118.284077,Male,Yes,Yes,No,1,Yes,Yes,Fiber optic,No,No,No,No,Yes,Yes,Month-to-month,Yes,Electronic check,95.1,95.1,5795,1,1,82.65,High Risk
United States,California,Arnold,95223,"38.32153, -120.236358",38.32153,-120.236358,Female,No,No,No,1,Yes,No,No,No internet service,No internet service,No internet service,No internet service,No internet service,No internet service,Month-to-month,No,Electronic check,18.85,18.85,5084,0,0,44.03,Medium Risk
United States,California,Beverly Hills,90210,"34.099891, -118.414338",34.099891,-118.414338,Male,Yes,No,No,14,Yes,Yes,Fiber optic,No,No,No,No,Yes,Yes,Month-to-month,Yes,Electronic check,95.6,1273.3,3502,0,1,75.21,High Risk
United States,California,Castaic,91384,"34.506627, -118.699048",34.506627,-118.699048,Male,Yes,Yes,No,36,Yes,Yes,Fiber optic,No,No,No,No,No,Yes,Month-to-month,Yes,Electronic check,84.1,3021.6,2987,1,1,80.45,High Risk
United States,California,Rosemead,91770,"34.065108, -118.082791",34.065108,-118.082791,Male,No,Yes,Yes,40,Yes,Yes,Fiber optic,No,No,Yes,No,No,No,Month-to-month,Yes,Electronic check,81.2,3292.3,5370,0,0,48.87,Medium Risk
United States,California,Somerset,95684,"38.606703, -120.586659",38.606703,-120.586659,Male,Yes,No,No,67,Yes,No,Fiber optic,Yes,Yes,No,Yes,Yes,Yes,Two year,Yes,Electronic check,105.05,7171.7,4143,0,0,8.15,Low Risk
United States,California,Whittier,90604,"33.929704, -118.01208",33.929704,-118.01208,Male,No,Yes,Yes,69,Yes,No,Fiber optic,No,Yes,No,Yes,Yes,No,Two year,Yes,Mailed check,92.15,6480.9,5817,0,0,1.04,Low Risk
United States,California,Mira Loma,91752,"33.999992, -117.535395",33.999992,-117.535395,Male,No,No,No,1,Yes,No,No,No internet service,No internet service,No internet service,No internet service,No internet service,No internet service,Month-to-month,No,Mailed check,20.6,20.6,5370,0,0,34.36,Low Risk
United States,California,Santa Barbara,93101,"34.419203, -119.710008",34.419203,-119.710008,Female,No,No,Yes,10,No,No phone service,DSL,Yes,Yes,No,Yes,No,No,One year,No,Mailed check,40.25,411.45,2876,0,0,12.14,Low Risk
United States,California,Cupertino,95014,"37.306612, -122.080621",37.306612,-122.080621,Male,No,Yes,No,55,Yes,No,DSL,Yes,Yes,No,Yes,No,No,Two year,No,Bank transfer (automatic),57.55,3046.4,5463,1,0,8.43,Low Risk
United States,California,Santa Paula,93060,"34.402343, -119.094824",34.402343,-119.094824,Male,No,Yes,No,68,Yes,Yes,Fiber optic,Yes,Yes,Yes,Yes,Yes,Yes,Two year,Yes,Electronic check,113.15,7856.0,4610,1,0,26.05,Low Risk
United States,California,Santa Barbara,93101,"34.419203, -119.710008",34.419203,-119.710008,Male,Yes,Yes,No,66,Yes,Yes,Fiber optic,No,No,Yes,No,Yes,Yes,Month-to-month,Yes,Credit card (automatic),99.5,6822.15,4479,1,1,82.7,High Risk
United States,California,Oakland,94621,"37.750553, -122.197175",37.750553,-122.197175,Female,No,No,No,7,Yes,No,Fiber optic,No,No,No,No,No,No,Month-to-month,Yes,Mailed check,69.9,497.3,4562,0,1,70.7,High Risk
United States,California,Nice,95464,"39.12334, -122.838198",39.12334,-122.838198,Female,No,Yes,Yes,10,Yes,No,No,No internet service,No internet service,No internet service,No internet service,No internet service,No internet service,Two year,No,Mailed check,20.15,220.8,2836,0,0,3.56,Low Risk
United States,California,Fawnskin,92333,"34.274846, -116.937581",34.274846,-116.937581,Male,No,No,No,1,No,No phone service,DSL,No,No,No,Yes,No,No,Month-to-month,No,Mailed check,29.15,29.15,3923,0,1,79.31,High Risk
United States,California,Newport Coast,92657,"33.603282, -117.821841",33.603282,-117.821841,Male,No,Yes,Yes,55,Yes,No,No,No internet service,No internet service,No internet service,No internet service,No internet service,No internet service,Two year,No,Bank transfer (automatic),19.35,1153.25,5248,0,0,0.27,Low Risk
United States,California,San Bernardino,92408,"34.084909, -117.258107",34.084909,-117.258107,Male,No,Yes,No,45,Yes,Yes,Fiber optic,No,Yes,Yes,No,Yes,Yes,Month-to-month,Yes,Bank transfer (automatic),107.75,4882.8,3301,0,1,81.65,High Risk
United States,California,Gerber,96035,"40.03194, -122.176023",40.03194,-122.176023,Female,No,Yes,No,10,Yes,No,DSL,No,No,Yes,No,Yes,Yes,Month-to-month,Yes,Credit card (automatic),67.8,653.15,2709,0,1,71.04,High Risk
United States,California,Kenwood,95452,"38.419525, -122.521585",38.419525,-122.521585,Female,No,Yes,No,69,Yes,Yes,Fiber optic,Yes,Yes,Yes,Yes,Yes,Yes,Two year,Yes,Electronic check,116.0,8182.85,4216,0,0,12.77,Low Risk
United States,California,Mendocino,95460,"39.305545, -123.743697",39.305545,-123.743697,Female,Yes,No,No,1,Yes,Yes,Fiber optic,No,No,No,No,No,Yes,Month-to-month,Yes,Electronic check,85.05,85.05,2975,1,1,94.2,High Risk
United States,California,Martinez,94553,"38.014457, -122.115432",38.014457,-122.115432,Female,No,No,No,33,Yes,Yes,No,No internet service,No internet service,No internet service,No internet service,No internet service,No internet service,Two year,No,Credit card (automatic),25.7,826.1,3378,0,0,17.54,Low Risk
United States,California,Gardena,90248,"33.876482, -118.284077",33.876482,-118.284077,Female,No,No,No,45,Yes,No,DSL,Yes,No,Yes,Yes,Yes,Yes,Two year,No,Bank transfer (automatic),81.65,3618.7,5937,0,0,1.12,Low Risk
United States,California,Stockton,95203,"37.954089, -121.329761",37.954089,-121.329761,Female,No,No,No,1,Yes,No,DSL,No,No,No,No,No,No,Month-to-month,No,Mailed check,44.75,44.75,4118,0,0,48.2,Medium Risk
United States,California,Gardena,90247,"33.890853, -118.297967",33.890853,-118.297967,Male,No,No,No,31,Yes,Yes,DSL,No,Yes,No,Yes,Yes,No,Month-to-month,Yes,Electronic check,71.05,2168.15,4443,0,0,20.65,Low Risk
United States,California,El Nido,95317,"37.127386, -120.506422",37.127386,-120.506422,Male,No,Yes,Yes,50,Yes,No,No,No internet service,No internet service,No internet service,No internet service,No internet service,No internet service,One year,Yes,Mailed check,20.35,938.95,6391,0,0,0.92,Low Risk
United States,California,Oak View,93022,"34.404544, -119.302118",34.404544,-119.302118,Female,No,No,No,57,Yes,Yes,Fiber optic,Yes,Yes,No,Yes,No,No,Month-to-month,Yes,Bank transfer (automatic),87.55,4884.85,4882,0,0,29.85,Low Risk
United States,California,Carmel Valley,93924,"36.414611, -121.6386",36.414611,-121.6386,Male,No,No,No,1,Yes,Yes,Fiber optic,No,No,No,No,No,No,Month-to-month,Yes,Mailed check,74.25,74.25,4750,1,1,81.15,High Risk
United States,California,Moreno Valley,92551,"33.88274, -117.224878",33.88274,-117.224878,Female,No,No,No,2,Yes,No,Fiber optic,No,No,Yes,No,No,No,Month-to-month,Yes,Electronic check,75.8,160.75,5270,1,1,78.08,High Risk
United States,California,Echo Lake,95721,"38.851842, -120.076204",38.851842,-120.076204,Male,No,No,No,3,Yes,Yes,Fiber optic,No,Yes,Yes,No,Yes,Yes,Month-to-month,Yes,Bank transfer (automatic),105.35,323.25,3662,1,1,79.58,High Risk
United States,California,Oak View,93022,"34.404544, -119.302118",34.404544,-119.302118,Male,Yes,Yes,No,67,Yes,Yes,Fiber optic,No,No,No,No,Yes,Yes,Month-to-month,Yes,Credit card (automatic),94.65,6079.0,4228,0,1,64.75,Medium Risk
United States,California,Mineral,96063,"40.408796, -121.579609",40.408796,-121.579609,Female,Yes,No,No,42,Yes,Yes,Fiber optic,No,Yes,Yes,No,Yes,Yes,Month-to-month,Yes,Bank transfer (automatic),104.75,4323.45,2984,1,0,36.58,Low Risk
United States,California,Clayton,94517,"37.881842, -121.848111",37.881842,-121.848111,Female,No,Yes,No,70,Yes,Yes,No,No internet service,No internet service,No internet service,No internet service,No internet service,No internet service,Two year,Yes,Bank transfer (automatic),26.0,2006.95,6170,0,0,4.29,Low Risk
United States,California,Emeryville,94608,"37.83726, -122.287648",37.83726,-122.287648,Male,No,Yes,No,71,Yes,No,No,No internet service,No internet service,No internet service,No internet service,No internet service,No internet service,One year,No,Electronic check,20.85,1539.75,4837,0,0,19.74,Low Risk
United States,California,Inglewood,90305,"33.958134, -118.330905",33.958134,-118.330905,Male,No,No,No,9,Yes,Yes,Fiber optic,No,No,No,No,No,No,Month-to-month,Yes,Electronic check,75.85,724.65,5212,0,1,84.48,High Risk
United States,California,Thousand Oaks,91362,"34.191842, -118.822796",34.191842,-118.822796,Male,No,Yes,No,72,No,No phone service,DSL,Yes,Yes,Yes,Yes,No,No,Two year,No,Credit card (automatic),45.25,3139.8,5041,0,0,2.22,Low Risk
United States,California,Junction City,96048,"40.913192, -123.06597",40.913192,-123.06597,Male,No,Yes,Yes,53,Yes,Yes,Fiber optic,No,Yes,Yes,No,Yes,Yes,One year,Yes,Electronic check,105.25,5576.3,6365,0,0,16.05,Low Risk
United States,California,Ontario,91761,"34.035602, -117.591528",34.035602,-117.591528,Female,Yes,No,No,19,Yes,No,Fiber optic,Yes,Yes,No,Yes,Yes,Yes,Month-to-month,Yes,Mailed check,105.0,2007.25,3524,0,1,73.41,High Risk
United States,California,Beverly Hills,90211,"34.063947, -118.383001",34.063947,-118.383001,Female,No,No,Yes,9,Yes,Yes,Fiber optic,No,No,No,No,Yes,Yes,Month-to-month,No,Electronic check,94.4,857.25,5571,1,0,26.91,Low Risk
United States,California,Fawnskin,92333,"34.274846, -116.937581",34.274846,-116.937581,Male,No,Yes,No,72,Yes,No,Fiber optic,Yes,Yes,No,Yes,Yes,Yes,Two year,No,Bank transfer (automatic),105.5,7611.55,5534,0,0,14.69,Low Risk
United States,California,Redding,96003,"40.677649, -122.29467",40.677649,-122.29467,Male,No,Yes,Yes,20,No,No phone service,DSL,Yes,No,Yes,Yes,No,No,Two year,Yes,Credit card (automatic),39.4,825.4,3899,0,0,1.86,Low Risk
United States,California,Markleeville,96120,"38.735789, -119.85798",38.735789,-119.85798,Female,No,Yes,Yes,43,Yes,No,No,No internet service,No internet service,No internet service,No internet service,No internet service,No internet service,One year,No,Mailed check,20.0,817.95,4882,0,0,0.51,Low Risk
United States,California,Callahan,96014,"41.388397, -122.794636",41.388397,-122.794636,Female,No,No,No,50,Yes,Yes,DSL,No,Yes,No,Yes,Yes,Yes,Two year,Yes,Mailed check,79.6,4024.2,5592,0,0,10.75,Low Risk
United States,California,Stockton,95209,"38.044523, -121.348048",38.044523,-121.348048,Female,No,Yes,No,55,Yes,Yes,Fiber optic,Yes,No,No,No,Yes,No,Month-to-month,Yes,Bank transfer (automatic),89.8,4959.6,5875,0,1,57.38,Medium Risk
United States,California,Homeland,92548,"33.761894, -117.120868",33.761894,-117.120868,Male,No,Yes,No,2,Yes,No,Fiber optic,No,No,No,Yes,Yes,Yes,Month-to-month,Yes,Electronic check,94.2,167.5,3715,1,1,95.76,High Risk
United States,California,Daggett,92327,"34.875144, -116.821698",34.875144,-116.821698,Female,No,Yes,Yes,9,Yes,No,No,No internet service,No internet service,No internet service,No internet service,No internet service,No internet service,Two year,No,Mailed check,20.35,191.1,5352,0,0,1.49,Low Risk
United States,California,Smith River,95567,"41.950683, -124.097094",41.950683,-124.097094,Male,No,No,No,10,No,No phone service,DSL,No,No,No,No,No,Yes,Month-to-month,Yes,Mailed check,33.9,298.45,2529,1,1,97.89,High Risk
United States,California,Hayward,94544,"37.639215, -122.037554",37.639215,-122.037554,Female,No,No,No,71,Yes,No,DSL,Yes,Yes,Yes,Yes,Yes,No,Two year,No,Credit card (automatic),77.35,5550.1,4846,0,0,6.75,Low Risk
United States,California,Orangevale,95662,"38.689174, -121.218435",38.689174,-121.218435,Female,No,Yes,No,32,Yes,No,Fiber optic,No,Yes,No,No,No,Yes,Month-to-month,No,Bank transfer (automatic),84.15,2585.95,4017,1,1,81.66,High Risk
United States,California,Alhambra,91801,"34.090925, -118.128164",34.090925,-118.128164,Male,Yes,Yes,No,3,Yes,Yes,Fiber optic,No,Yes,Yes,No,Yes,Yes,Month-to-month,Yes,Electronic check,105.9,334.65,2715,1,1,91.67,High Risk
United States,California,San Jose,95127,"37.375156, -121.795867",37.375156,-121.795867,Male,Yes,Yes,No,16,Yes,No,Fiber optic,No,Yes,No,No,No,No,Month-to-month,Yes,Credit card (automatic),74.3,1178.25,2076,1,1,84.64,High Risk
United States,California,Vallejo,94591,"38.105733, -122.186338",38.105733,-122.186338,Male,No,No,No,25,Yes,No,Fiber optic,No,No,No,No,No,No,Month-to-month,No,Electronic check,69.75,1729.35,3080,0,0,43.51,Medium Risk
United States,California,Meadow Valley,95956,"39.937017, -121.058043",39.937017,-121.058043,Male,No,No,No,38,Yes,No,Fiber optic,No,No,No,No,No,No,One year,Yes,Bank transfer (automatic),70.45,2597.6,5437,1,0,11.7,Low Risk
United States,California,Los Angeles,90039,"34.110845, -118.259595",34.110845,-118.259595,Female,No,No,No,40,Yes,No,No,No internet service,No internet service,No internet service,No internet service,No internet service,No internet service,Two year,No,Mailed check,20.15,804.85,3915,0,0,2.38,Low Risk
United States,California,Clovis,93611,"36.917652, -119.593757",36.917652,-119.593757,Female,No,Yes,Yes,61,Yes,Yes,No,No internet service,No internet service,No internet service,No internet service,No internet service,No internet service,Two year,Yes,Mailed check,24.2,1445.2,6201,0,0,0.14,Low Risk
United States,California,Stinson Beach,94970,"37.921137, -122.657562",37.921137,-122.657562,Female,No,Yes,Yes,25,Yes,No,No,No internet service,No internet service,No internet service,No internet service,No internet service,No internet service,One year,No,Mailed check,20.05,520.1,2010,0,0,2.09,Low Risk
United States,California,Downey,90241,"33.940884, -118.128628",33.940884,-118.128628,Female,No,No,No,48,Yes,No,Fiber optic,No,Yes,Yes,Yes,Yes,No,Two year,Yes,Mailed check,95.5,4627.85,2459,1,0,5.0,Low Risk
United States,California,Earlimart,93219,"35.858054, -119.305858",35.858054,-119.305858,Female,No,No,No,3,Yes,No,Fiber optic,No,No,No,No,No,No,Month-to-month,Yes,Bank transfer (automatic),69.55,222.3,2876,1,1,54.44,Medium Risk
United States,California,Campbell,95008,"37.279689, -121.954567",37.279689,-121.954567,Female,No,No,No,63,Yes,Yes,Fiber optic,Yes,Yes,Yes,No,Yes,Yes,Month-to-month,No,Credit card (automatic),108.25,6780.1,5331,0,0,49.45,Medium Risk
United States,California,Anderson,96007,"40.448632, -122.306657",40.448632,-122.306657,Female,Yes,No,No,37,Yes,Yes,Fiber optic,No,No,No,No,No,No,Month-to-month,Yes,Electronic check,76.25,2841.55,5859,1,0,49.83,Medium Risk
United States,California,San Jose,95128,"37.316146, -121.936285",37.316146,-121.936285,Male,No,No,No,1,Yes,No,DSL,Yes,No,No,No,No,No,Month-to-month,Yes,Credit card (automatic),49.8,49.8,2978,0,1,65.56,Medium Risk
United States,California,Apple Valley,92308,"34.424926, -117.184503",34.424926,-117.184503,Male,No,Yes,No,17,Yes,No,Fiber optic,No,No,No,No,Yes,No,Month-to-month,No,Electronic check,80.85,1400.85,5174,1,1,82.09,High Risk
United States,California,Panorama City,91402,"34.223768, -118.445461",34.223768,-118.445461,Male,No,No,No,3,Yes,No,DSL,No,No,No,Yes,Yes,Yes,Month-to-month,Yes,Electronic check,69.35,191.35,3520,1,1,83.73,High Risk
United States,California,Diamond Bar,91765,"33.992416, -117.807874",33.992416,-117.807874,Female,No,Yes,No,21,Yes,No,Fiber optic,No,No,No,Yes,Yes,No,Month-to-month,Yes,Electronic check,86.05,1818.9,2937,0,1,52.88,Medium Risk
United States,California,Diamond Springs,95619,"38.683605, -120.811852",38.683605,-120.811852,Female,No,Yes,Yes,67,No,No phone service,DSL,Yes,Yes,No,No,No,No,Two year,No,Bank transfer (automatic),36.15,2434.45,6314,0,0,0.57,Low Risk
United States,California,Salinas,93907,"36.77462, -121.664714",36.77462,-121.664714,Female,No,Yes,Yes,34,Yes,No,No,No internet service,No internet service,No internet service,No internet service,No internet service,No internet service,One year,Yes,Bank transfer (automatic),20.1,682.1,2272,0,0,0.69,Low Risk
United States,California,Niland,92257,"33.345825, -115.596574",33.345825,-115.596574,Male,No,No,No,18,Yes,Yes,Fiber optic,No,No,Yes,No,No,Yes,Month-to-month,Yes,Credit card (automatic),90.7,1597.25,2931,1,1,90.27,High Risk
United States,California,Sonora,95370,"37.982716, -120.343732",37.982716,-120.343732,Male,No,Yes,Yes,72,Yes,Yes,DSL,Yes,Yes,Yes,Yes,Yes,Yes,Two year,No,Credit card (automatic),88.7,6501.35,4641,0,0,0.26,Low Risk
United States,California,West Covina,91791,"34.061634, -117.893169",34.061634,-117.893169,Male,No,Yes,No,18,Yes,No,Fiber optic,No,No,Yes,No,Yes,Yes,Month-to-month,No,Mailed check,95.15,1779.95,4643,1,1,68.23,Medium Risk
United States,California,Torrance,90504,"33.867257, -118.330794",33.867257,-118.330794,Male,No,No,No,3,Yes,Yes,Fiber optic,No,No,No,No,No,No,Month-to-month,No,Mailed check,75.0,209.1,3190,1,1,78.23,High Risk
United States,California,Jackson,95642,"38.336216, -120.76901",38.336216,-120.76901,Female,No,No,No,1,Yes,Yes,DSL,No,No,No,No,No,No,Month-to-month,Yes,Bank transfer (automatic),49.95,49.95,2041,1,1,65.09,Medium Risk
United States,California,Rialto,92377,"34.156758, -117.404686",34.156758,-117.404686,Male,No,No,No,10,Yes,Yes,DSL,No,No,No,No,Yes,Yes,Month-to-month,Yes,Credit card (automatic),72.15,794.25,2457,1,1,60.18,Medium Risk
United States,California,Bass Lake,93604,"37.458367, -119.345011",37.458367,-119.345011,Female,No,No,No,10,Yes,No,No,No internet service,No internet service,No internet service,No internet service,No internet service,No internet service,Month-to-month,Yes,Mailed check,20.9,247.0,4905,0,0,29.31,Low Risk
United States,California,Tarzana,91356,"34.157137, -118.548511",34.157137,-118.548511,Female,No,Yes,No,29,Yes,No,No,No internet service,No internet service,No internet service,No internet service,No internet service,No internet service,One year,No,Electronic check,20.0,540.05,3800,0,0,31.28,Low Risk
United States,California,Madison,95653,"38.674276, -121.961866",38.674276,-121.961866,Female,Yes,Yes,No,34,Yes,Yes,Fiber optic,No,Yes,Yes,No,No,Yes,Month-to-month,Yes,Electronic check,94.25,3217.55,3369,1,1,74.49,High Risk
United States,California,Roseville,95678,"38.759751, -121.288545",38.759751,-121.288545,Male,Yes,Yes,No,7,Yes,Yes,Fiber optic,No,No,Yes,No,Yes,Yes,Month-to-month,Yes,Electronic check,101.95,700.85,2016,1,1,94.22,High Risk
United States,California,Tecate,91980,"32.587557, -116.636816",32.587557,-116.636816,Male,No,Yes,Yes,69,Yes,Yes,DSL,Yes,No,Yes,Yes,Yes,Yes,Two year,No,Bank transfer (automatic),86.9,6194.1,4667,0,0,0.51,Low Risk
United States,California,Arroyo Grande,93420,"35.176236, -120.483243",35.176236,-120.483243,Female,No,No,No,36,Yes,Yes,DSL,Yes,No,No,No,No,No,One year,No,Mailed check,54.45,1893.5,4462,0,0,3.6,Low Risk
United States,California,Avenal,93204,"35.916943, -120.129921",35.916943,-120.129921,Male,No,Yes,No,72,Yes,Yes,DSL,No,Yes,Yes,Yes,Yes,Yes,Two year,No,Bank transfer (automatic),85.95,6151.9,6450,0,0,19.13,Low Risk
United States,California,Los Angeles,90056,"33.987945, -118.370442",33.987945,-118.370442,Female,No,No,No,42,Yes,No,No,No internet service,No internet service,No internet service,No internet service,No internet service,No internet service,One year,Yes,Mailed check,20.65,958.1,5956,0,0,15.94,Low Risk
United States,California,Covina,91724,"34.08111, -117.853935",34.08111,-117.853935,Male,No,No,No,42,Yes,Yes,Fiber optic,Yes,Yes,Yes,No,No,Yes,One year,Yes,Electronic check,99.0,4298.45,2887,0,0,34.11,Low Risk
United States,California,Sacramento,95828,"38.486938, -121.395805",38.486938,-121.395805,Male,No,No,No,67,No,No phone service,DSL,Yes,No,No,Yes,Yes,No,Two year,No,Electronic check,43.9,3097.2,6344,0,0,8.93,Low Risk
United States,California,Anaheim,92801,"33.844983, -117.952151",33.844983,-117.952151,Female,Yes,No,No,21,Yes,Yes,Fiber optic,No,No,No,No,Yes,Yes,Month-to-month,Yes,Bank transfer (automatic),95.4,2025.1,5691,0,0,47.14,Medium Risk
United States,California,Myers Flat,95554,"40.267158, -123.805913",40.267158,-123.805913,Female,No,No,No,23,Yes,Yes,Fiber optic,No,No,No,No,Yes,Yes,Month-to-month,Yes,Electronic check,93.5,2341.55,4861,0,1,97.03,High Risk
United States,California,Zenia,95595,"40.170357, -123.417298",40.170357,-123.417298,Female,No,No,No,15,Yes,No,Fiber optic,Yes,No,No,No,Yes,No,Month-to-month,No,Electronic check,86.2,1270.2,5829,1,1,68.2,Medium Risk
United States,California,Los Olivos,93441,"34.70434, -120.02609",34.70434,-120.02609,Female,Yes,Yes,No,34,Yes,No,DSL,No,No,Yes,Yes,Yes,No,One year,No,Bank transfer (automatic),64.2,2106.3,2225,0,0,10.28,Low Risk
United States,California,Napa,94559,"38.232389, -122.324944",38.232389,-122.324944,Male,Yes,Yes,No,7,Yes,Yes,Fiber optic,No,No,Yes,No,Yes,Yes,Month-to-month,Yes,Electronic check,99.25,665.45,2487,1,1,81.71,High Risk
United States,California,Foresthill,95631,"39.031876, -120.811141",39.031876,-120.811141,Male,No,No,Yes,9,Yes,No,No,No internet service,No internet service,No internet service,No internet service,No internet service,No internet service,Month-to-month,No,Mailed check,20.4,184.1,4195,0,0,3.05,Low Risk
United States,California,Pasadena,91105,"34.13946, -118.166649",34.13946,-118.166649,Female,No,Yes,No,34,Yes,Yes,No,No internet service,No internet service,No internet service,No internet service,No internet service,No internet service,Month-to-month,No,Electronic check,24.7,780.2,3421,0,0,41.52,Medium Risk
United States,California,Stockton,95209,"38.044523, -121.348048",38.044523,-121.348048,Male,No,No,No,1,No,No phone service,DSL,No,No,No,No,No,Yes,Month-to-month,Yes,Electronic check,35.55,35.55,3958,1,1,88.73,High Risk
United States,California,San Jose,95136,"37.270938, -121.851046",37.270938,-121.851046,Female,No,No,No,25,Yes,Yes,Fiber optic,No,Yes,Yes,Yes,Yes,Yes,Two year,No,Electronic check,108.9,2809.05,4398,0,1,50.18,Medium Risk
United States,California,Echo Lake,95721,"38.851842, -120.076204",38.851842,-120.076204,Female,No,Yes,No,72,Yes,Yes,Fiber optic,Yes,Yes,Yes,Yes,Yes,Yes,Two year,Yes,Bank transfer (automatic),115.5,8312.75,4697,0,0,7.56,Low Risk
United States,California,Sacramento,95826,"38.542532, -121.378826",38.542532,-121.378826,Male,No,No,No,1,Yes,No,No,No internet service,No internet service,No internet service,No internet service,No internet service,No internet service,Month-to-month,No,Electronic check,20.55,20.55,5636,1,0,43.74,Medium Risk
United States,California,West Sacramento,95691,"38.627951, -121.593287",38.627951,-121.593287,Female,No,Yes,No,60,Yes,Yes,Fiber optic,No,Yes,No,No,Yes,Yes,Month-to-month,Yes,Electronic check,99.8,5985.75,6213,0,1,74.78,High Risk
United States,California,Sunland,91040,"34.282704, -118.312929",34.282704,-118.312929,Male,No,Yes,No,43,Yes,No,Fiber optic,Yes,No,Yes,Yes,No,No,One year,Yes,Bank transfer (automatic),84.25,3539.25,4382,0,0,20.48,Low Risk
United States,California,San Francisco,94123,"37.800254, -122.436975",37.800254,-122.436975,Male,No,No,No,3,Yes,No,No,No internet service,No internet service,No internet service,No internet service,No internet service,No internet service,One year,No,Mailed check,21.2,52.05,2088,0,0,25.02,Low Risk
United States,California,Yucca Valley,92284,"34.159534, -116.425984",34.159534,-116.425984,Male,Yes,Yes,No,72,Yes,Yes,DSL,Yes,Yes,Yes,No,Yes,Yes,Two year,Yes,Credit card (automatic),84.1,5981.65,4671,0,0,2.96,Low Risk
United States,California,Palmdale,93591,"34.598221, -117.79593",34.598221,-117.79593,Male,No,No,No,2,Yes,No,DSL,No,No,No,No,No,No,Month-to-month,No,Electronic check,45.35,89.5,3478,1,1,83.89,High Risk
United States,California,Placerville,95667,"38.733714, -120.795213",38.733714,-120.795213,Male,No,No,No,10,Yes,No,Fiber optic,Yes,No,Yes,No,Yes,Yes,One year,Yes,Electronic check,98.9,1064.95,4614,0,0,48.66,Medium Risk
United States,California,Alviso,95002,"37.449537, -121.994813",37.449537,-121.994813,Male,No,No,No,7,Yes,Yes,Fiber optic,No,No,Yes,No,Yes,Yes,Month-to-month,Yes,Bank transfer (automatic),98.05,713.0,2561,1,1,60.38,Medium Risk
United States,California,Santa Ynez,93460,"34.630356, -120.032564",34.630356,-120.032564,Female,No,Yes,No,33,Yes,No,DSL,No,No,No,Yes,No,No,One year,Yes,Mailed check,51.45,1758.9,4935,0,0,7.21,Low Risk
United States,California,Lakeport,95453,"39.080469, -122.955176",39.080469,-122.955176,Male,No,No,No,31,Yes,Yes,Fiber optic,No,Yes,No,No,No,No,Month-to-month,Yes,Electronic check,81.15,2640.55,3031,0,1,80.73,High Risk
United States,California,Los Angeles,90002,"33.949255, -118.246978",33.949255,-118.246978,Male,Yes,No,No,38,Yes,Yes,Fiber optic,No,No,No,No,Yes,Yes,Month-to-month,No,Electronic check,94.75,3653.0,3654,0,1,85.18,High Risk
United States,California,Pine Grove,95665,"38.400264, -120.641274",38.400264,-120.641274,Female,No,No,No,24,Yes,Yes,Fiber optic,Yes,No,No,Yes,No,No,Month-to-month,Yes,Electronic check,84.35,1938.05,2198,0,1,54.72,Medium Risk
United States,California,Blocksburg,95514,"40.309088, -123.668201",40.309088,-123.668201,Female,No,No,No,28,Yes,No,DSL,No,No,Yes,No,Yes,No,Month-to-month,Yes,Bank transfer (automatic),59.55,1646.45,3354,0,0,23.76,Low Risk
United States,California,Glendora,91740,"34.119363, -117.855059",34.119363,-117.855059,Male,No,Yes,Yes,72,No,No phone service,DSL,Yes,Yes,Yes,No,No,No,Two year,No,Credit card (automatic),38.5,2763.0,4710,0,0,0.19,Low Risk
United States,California,Citrus Heights,95621,"38.69549, -121.307864",38.69549,-121.307864,Female,No,Yes,No,20,Yes,No,No,No internet service,No internet service,No internet service,No internet service,No internet service,No internet service,Month-to-month,No,Bank transfer (automatic),19.25,375.25,4137,0,0,13.04,Low Risk
United States,California,Crescent Mills,95934,"40.080342, -120.957805",40.080342,-120.957805,Male,No,No,No,60,Yes,No,DSL,Yes,No,Yes,Yes,Yes,Yes,One year,No,Mailed check,79.0,4801.1,4807,0,0,20.19,Low Risk
United States,California,Anaheim,92807,"33.848733, -117.788357",33.848733,-117.788357,Female,Yes,No,No,4,Yes,Yes,Fiber optic,No,No,Yes,No,Yes,No,Month-to-month,Yes,Electronic check,89.2,346.2,5808,1,1,81.78,High Risk
United States,California,Santa Barbara,93103,"34.438581, -119.685368",34.438581,-119.685368,Female,No,Yes,No,46,Yes,Yes,DSL,Yes,No,No,No,No,No,Month-to-month,No,Bank transfer (automatic),55.0,2473.95,5928,0,0,44.03,Medium Risk
United States,California,Grizzly Flats,95636,"38.636102, -120.522149",38.636102,-120.522149,Male,No,Yes,No,72,Yes,Yes,DSL,Yes,Yes,Yes,Yes,Yes,No,Two year,No,Bank transfer (automatic),82.3,5815.15,4162,0,0,11.45,Low Risk
United States,California,Buena Park,90620,"33.845706, -118.012204",33.845706,-118.012204,Female,Yes,No,No,41,Yes,Yes,Fiber optic,Yes,Yes,Yes,No,Yes,Yes,Month-to-month,Yes,Electronic check,113.2,4689.5,3380,1,1,77.4,High Risk
United States,California,Pasadena,91101,"34.146635, -118.139225",34.146635,-118.139225,Male,Yes,Yes,No,65,Yes,Yes,Fiber optic,Yes,No,No,No,Yes,Yes,One year,Yes,Electronic check,100.75,6674.65,4368,0,0,37.16,Low Risk
United States,California,Los Angeles,90067,"34.057496, -118.413959",34.057496,-118.413959,Male,No,Yes,Yes,43,No,No phone service,DSL,No,Yes,No,No,No,No,Month-to-month,No,Credit card (automatic),29.3,1224.05,4741,0,0,5.69,Low Risk
United States,California,San Bernardino,92411,"34.122501, -117.320138",34.122501,-117.320138,Female,No,No,No,21,Yes,No,DSL,Yes,No,Yes,No,No,Yes,One year,No,Mailed check,64.85,1336.8,3302,0,0,31.77,Low Risk
United States,California,Modesto,95358,"37.612612, -121.108568",37.612612,-121.108568,Male,No,Yes,Yes,54,Yes,No,No,No internet service,No internet service,No internet service,No internet service,No internet service,No internet service,Two year,No,Credit card (automatic),20.4,1090.6,6393,0,0,1.31,Low Risk
United States,California,Los Angeles,90028,"34.099869, -118.326843",34.099869,-118.326843,Female,Yes,Yes,No,61,Yes,Yes,Fiber optic,No,Yes,Yes,No,Yes,Yes,One year,Yes,Credit card (automatic),104.4,6405.0,4412,1,1,63.4,Medium Risk
United States,California,Suisun City,94585,"38.197907, -122.017258",38.197907,-122.017258,Male,No,No,No,20,No,No phone service,DSL,Yes,Yes,Yes,Yes,Yes,No,Month-to-month,Yes,Credit card (automatic),55.0,1165.55,4481,0,0,38.53,Low Risk
United States,California,Berkeley,94710,"37.872902, -122.303708",37.872902,-122.303708,Male,No,No,No,69,Yes,Yes,Fiber optic,No,Yes,No,Yes,Yes,Yes,One year,Yes,Bank transfer (automatic),105.2,7386.05,6247,0,0,23.97,Low Risk
United States,California,California Hot Springs,93207,"35.865795, -118.69759",35.865795,-118.69759,Male,Yes,No,No,1,Yes,No,DSL,No,No,No,No,No,No,Month-to-month,No,Electronic check,45.2,45.2,4576,0,1,72.14,High Risk
United States,California,Oakland,94605,"37.758019, -122.138678",37.758019,-122.138678,Male,Yes,Yes,No,33,Yes,No,Fiber optic,Yes,Yes,No,Yes,No,Yes,One year,Yes,Electronic check,93.55,3055.5,4414,0,0,23.96,Low Risk
United States,California,Culver City,90232,"34.019323, -118.391902",34.019323,-118.391902,Male,No,No,Yes,19,Yes,No,No,No internet service,No internet service,No internet service,No internet service,No internet service,No internet service,Two year,No,Credit card (automatic),20.85,467.5,2654,0,0,1.36,Low Risk
United States,California,La Palma,90623,"33.850504, -118.039892",33.850504,-118.039892,Male,No,No,No,2,Yes,No,Fiber optic,No,No,No,No,Yes,No,Month-to-month,No,Electronic check,79.0,143.65,5239,1,1,89.33,High Risk
United States,California,San Jose,95122,"37.32886, -121.834567",37.32886,-121.834567,Female,No,Yes,Yes,13,Yes,No,DSL,Yes,No,Yes,No,No,Yes,Month-to-month,Yes,Mailed check,63.15,816.8,5916,0,0,26.89,Low Risk
United States,California,Somerset,95684,"38.606703, -120.586659",38.606703,-120.586659,Male,No,No,No,1,Yes,No,DSL,No,No,No,No,No,No,Month-to-month,Yes,Mailed check,45.8,45.8,2614,0,1,51.68,Medium Risk
United States,California,Long Beach,90813,"33.781086, -118.199049",33.781086,-118.199049,Female,No,Yes,Yes,55,Yes,No,DSL,Yes,Yes,No,No,No,No,Month-to-month,No,Electronic check,55.7,3131.8,4149,0,0,5.18,Low Risk
United States,California,Concord,94519,"37.990118, -122.012188",37.990118,-122.012188,Male,No,No,No,22,Yes,Yes,Fiber optic,No,No,No,No,Yes,Yes,Month-to-month,Yes,Electronic check,95.1,2162.6,3729,0,1,90.62,High Risk
United States,California,Pleasanton,94588,"37.685052, -121.912061",37.685052,-121.912061,Male,Yes,Yes,No,27,Yes,Yes,Fiber optic,No,No,No,No,No,No,Month-to-month,Yes,Electronic check,75.5,1893.95,2377,1,1,86.41,High Risk
United States,California,Vina,96092,"39.955164, -122.018567",39.955164,-122.018567,Male,Yes,Yes,No,13,Yes,No,Fiber optic,No,Yes,No,Yes,No,Yes,Month-to-month,Yes,Bank transfer (automatic),89.05,1169.35,3861,1,1,71.06,High Risk
United States,California,Fiddletown,95629,"38.513484, -120.704613",38.513484,-120.704613,Male,No,Yes,Yes,26,Yes,No,DSL,No,No,Yes,No,No,No,One year,No,Mailed check,50.35,1285.8,3386,0,0,2.67,Low Risk
United States,California,Frazier Park,93222,"34.907911, -119.234281",34.907911,-119.234281,Male,No,Yes,Yes,35,Yes,No,No,No internet service,No internet service,No internet service,No internet service,No internet service,No internet service,Two year,No,Mailed check,20.1,655.3,4517,0,0,0.31,Low Risk
United States,California,Sierra Madre,91024,"34.168686, -118.057505",34.168686,-118.057505,Female,Yes,No,No,56,Yes,Yes,Fiber optic,No,Yes,Yes,No,Yes,Yes,Month-to-month,No,Electronic check,104.75,5841.35,5128,0,1,72.01,High Risk
United States,California,La Puente,91744,"34.031441, -117.936436",34.031441,-117.936436,Male,No,No,No,1,Yes,Yes,Fiber optic,No,No,No,No,Yes,Yes,Month-to-month,Yes,Electronic check,95.45,95.45,5962,1,1,97.34,High Risk
United States,California,Indio,92203,"33.752938, -116.230055",33.752938,-116.230055,Male,Yes,Yes,No,1,Yes,Yes,Fiber optic,No,No,No,No,No,No,Month-to-month,No,Electronic check,74.3,74.3,2968,0,1,83.52,High Risk
United States,California,Novato,94949,"38.067204, -122.524004",38.067204,-122.524004,Male,No,No,No,23,Yes,Yes,Fiber optic,No,No,No,Yes,Yes,No,Month-to-month,Yes,Electronic check,90.6,1943.2,4359,1,1,71.54,High Risk
United States,California,Eureka,95501,"40.796621, -124.15428",40.796621,-124.15428,Female,No,No,No,7,Yes,Yes,Fiber optic,No,No,No,No,No,No,Month-to-month,No,Mailed check,75.45,480.75,2872,1,1,65.77,Medium Risk
United States,California,Palos Verdes Peninsula,90274,"33.788208, -118.404955",33.788208,-118.404955,Male,No,Yes,No,22,Yes,No,Fiber optic,Yes,Yes,No,Yes,Yes,Yes,Month-to-month,Yes,Electronic check,104.6,2180.55,2429,0,1,52.91,Medium Risk
United States,California,Rancho Cordova,95742,"38.591134, -121.161585",38.591134,-121.161585,Male,No,Yes,No,56,Yes,Yes,DSL,No,Yes,Yes,No,No,No,Two year,No,Credit card (automatic),59.5,3389.25,5477,0,0,9.87,Low Risk
United States,California,Topaz,96133,"38.636052, -119.489162",38.636052,-119.489162,Male,No,Yes,No,71,Yes,No,DSL,Yes,No,Yes,Yes,Yes,Yes,Two year,Yes,Electronic check,82.55,5832.65,4668,0,0,5.44,Low Risk
United States,California,Navarro,95463,"39.182916, -123.552571",39.182916,-123.552571,Male,No,Yes,Yes,59,Yes,No,No,No internet service,No internet service,No internet service,No internet service,No internet service,No internet service,Two year,No,Mailed check,19.85,1188.25,6144,0,0,0.11,Low Risk
United States,California,Los Angeles,90041,"34.137412, -118.207607",34.137412,-118.207607,Female,No,No,No,18,Yes,No,Fiber optic,Yes,No,No,No,Yes,Yes,Month-to-month,Yes,Electronic check,96.05,1740.7,5581,1,1,81.81,High Risk
United States,California,Riverside,92508,"33.885499, -117.324959",33.885499,-117.324959,Male,No,Yes,No,60,Yes,No,DSL,Yes,Yes,No,Yes,No,No,Two year,Yes,Mailed check,61.35,3766.2,6174,0,0,2.49,Low Risk
United States,California,Carmichael,95608,"38.626128, -121.328011",38.626128,-121.328011,Female,No,No,No,8,Yes,No,DSL,No,No,No,No,No,No,Month-to-month,No,Mailed check,44.45,369.3,4909,0,1,58.08,Medium Risk
United States,California,El Nido,95317,"37.127386, -120.506422",37.127386,-120.506422,Male,No,No,No,1,Yes,No,No,No internet service,No internet service,No internet service,No internet service,No internet service,No internet service,Month-to-month,Yes,Credit card (automatic),19.75,19.75,5809,0,0,44.42,Medium Risk
United States,California,Los Alamitos,90720,"33.79499, -118.065591",33.79499,-118.065591,Female,Yes,Yes,Yes,1,Yes,No,Fiber optic,No,No,No,No,No,No,Month-to-month,Yes,Mailed check,70.45,70.45,3964,1,0,37.67,Low Risk
United States,California,Carson,90745,"33.822295, -118.26411",33.822295,-118.26411,Female,No,Yes,Yes,28,Yes,No,Fiber optic,Yes,No,No,No,No,Yes,One year,Yes,Bank transfer (automatic),82.85,2320.8,5802,0,0,9.9,Low Risk
United States,California,Maxwell,95955,"39.281194, -122.226568",39.281194,-122.226568,Male,No,No,No,18,Yes,Yes,Fiber optic,No,No,No,No,No,No,Month-to-month,No,Mailed check,74.15,1387.0,2643,0,1,78.89,High Risk
United States,California,Sunol,94586,"37.587494, -121.862856",37.587494,-121.862856,Male,No,No,No,24,Yes,No,Fiber optic,No,No,No,No,Yes,Yes,Month-to-month,Yes,Electronic check,90.35,2238.5,5546,1,1,73.03,High Risk
United States,California,La Mesa,91941,"32.759327, -116.99726",32.759327,-116.99726,Female,No,Yes,No,68,No,No phone service,DSL,No,Yes,Yes,Yes,Yes,Yes,Two year,No,Credit card (automatic),60.3,4109.0,4864,0,0,2.03,Low Risk
United States,California,Glennville,93226,"35.735694, -118.738483",35.735694,-118.738483,Male,No,Yes,Yes,71,Yes,No,Fiber optic,Yes,Yes,Yes,No,Yes,Yes,One year,Yes,Bank transfer (automatic),104.65,7288.4,6101,0,0,3.3,Low Risk
United States,California,Fremont,94555,"37.555473, -122.080312",37.555473,-122.080312,Male,No,Yes,Yes,64,Yes,No,No,No internet service,No internet service,No internet service,No internet service,No internet service,No internet service,Two year,Yes,Bank transfer (automatic),19.7,1274.05,5431,0,0,0.42,Low Risk
United States,California,Milford,96121,"40.181279, -120.392967",40.181279,-120.392967,Female,No,Yes,No,72,Yes,Yes,Fiber optic,Yes,Yes,Yes,No,Yes,Yes,Two year,Yes,Electronic check,110.75,7751.7,4848,0,0,16.25,Low Risk
United States,California,Stockton,95210,"38.033219, -121.297433",38.033219,-121.297433,Female,Yes,No,No,69,Yes,Yes,Fiber optic,Yes,No,Yes,Yes,Yes,Yes,Two year,No,Credit card (automatic),110.25,7467.55,4948,0,0,6.01,Low Risk
United States,California,Atwater,95301,"37.321233, -120.656354",37.321233,-120.656354,Female,No,No,No,67,No,No phone service,DSL,No,No,Yes,Yes,Yes,Yes,Month-to-month,Yes,Credit card (automatic),53.4,3579.15,5990,0,0,31.67,Low Risk
United States,California,Westport,95488,"39.724433, -123.767578",39.724433,-123.767578,Female,Yes,No,No,20,Yes,No,Fiber optic,No,No,No,No,Yes,No,Month-to-month,No,Bank transfer (automatic),80.7,1614.2,3111,0,1,73.21,High Risk
United States,California,Dulzura,91917,"32.622999, -116.687855",32.622999,-116.687855,Female,No,Yes,Yes,25,Yes,No,No,No internet service,No internet service,No internet service,No internet service,No internet service,No internet service,Two year,Yes,Mailed check,18.7,383.65,2289,0,0,2.15,Low Risk
United States,California,Inglewood,90302,"33.975332, -118.355252",33.975332,-118.355252,Female,No,No,No,50,Yes,No,Fiber optic,No,No,Yes,Yes,No,Yes,Two year,Yes,Bank transfer (automatic),89.7,4304.5,5306,0,0,14.04,Low Risk
United States,California,Mccloud,96057,"41.251322, -122.105209",41.251322,-122.105209,Female,No,Yes,Yes,6,Yes,Yes,DSL,No,No,No,No,No,No,Month-to-month,Yes,Credit card (automatic),48.95,273.25,3061,0,0,26.94,Low Risk
United States,California,Salinas,93901,"36.64152, -121.622188",36.64152,-121.622188,Female,No,No,Yes,2,Yes,No,No,No internet service,No internet service,No internet service,No internet service,No internet service,No internet service,Month-to-month,Yes,Electronic check,19.6,35.85,2843,1,0,11.36,Low Risk
United States,California,Palmdale,93552,"34.557711, -118.029441",34.557711,-118.029441,Female,No,No,No,18,Yes,No,No,No internet service,No internet service,No internet service,No internet service,No internet service,No internet service,One year,No,Mailed check,20.1,407.05,2910,0,0,14.02,Low Risk
United States,California,Madison,95653,"38.674276, -121.961866",38.674276,-121.961866,Female,Yes,No,No,2,Yes,Yes,DSL,No,Yes,No,No,No,No,Month-to-month,Yes,Credit card (automatic),56.55,118.25,2069,0,1,58.74,Medium Risk
United States,California,Hollister,95023,"36.875409, -121.279679",36.875409,-121.279679,Male,No,No,No,3,No,No phone service,DSL,No,No,Yes,No,Yes,No,Month-to-month,Yes,Mailed check,40.15,130.75,4710,1,1,61.7,Medium Risk
United States,California,Midpines,95345,"37.581496, -119.972762",37.581496,-119.972762,Female,No,No,Yes,9,Yes,No,DSL,No,No,No,Yes,Yes,Yes,Month-to-month,Yes,Credit card (automatic),69.4,571.45,5108,0,0,8.61,Low Risk
United States,California,Pacific Palisades,90272,"34.079449, -118.548306",34.079449,-118.548306,Male,No,No,No,1,Yes,No,Fiber optic,No,No,No,No,No,No,Month-to-month,Yes,Electronic check,69.9,69.9,3349,1,1,87.86,High Risk
United States,California,Sylmar,91342,"34.321621, -118.399841",34.321621,-118.399841,Female,No,No,No,70,Yes,Yes,Fiber optic,Yes,Yes,Yes,Yes,Yes,Yes,Two year,Yes,Bank transfer (automatic),113.65,7939.25,6424,0,0,14.88,Low Risk
United States,California,Los Angeles,90014,"34.043144, -118.251977",34.043144,-118.251977,Female,No,No,No,46,Yes,Yes,Fiber optic,No,No,No,No,Yes,Yes,Month-to-month,No,Bank transfer (automatic),96.05,4399.5,2712,1,1,59.16,Medium Risk
United States,California,San Bruno,94066,"37.624436, -122.430661",37.624436,-122.430661,Female,No,No,No,15,Yes,Yes,DSL,No,No,No,No,No,No,Month-to-month,Yes,Mailed check,48.8,720.1,2577,0,1,70.35,High Risk
United States,California,Fowler,93625,"36.625792, -119.672483",36.625792,-119.672483,Female,No,No,No,53,Yes,No,No,No internet service,No internet service,No internet service,No internet service,No internet service,No internet service,Two year,No,Credit card (automatic),19.85,1049.6,6338,0,0,1.3,Low Risk
United States,California,San Jose,95135,"37.28682, -121.723877",37.28682,-121.723877,Female,No,No,No,1,Yes,No,DSL,No,No,No,No,No,Yes,Month-to-month,Yes,Electronic check,55.4,55.4,2294,1,1,89.03,High Risk
United States,California,Fresno,93721,"36.732694, -119.783786",36.732694,-119.783786,Female,No,No,No,29,Yes,No,No,No internet service,No internet service,No internet service,No internet service,No internet service,No internet service,Month-to-month,No,Credit card (automatic),19.35,601.6,5227,0,0,11.22,Low Risk
United States,California,North Fork,93643,"37.244307, -119.470256",37.244307,-119.470256,Female,No,No,No,1,Yes,Yes,Fiber optic,No,No,No,No,No,No,Month-to-month,Yes,Electronic check,77.15,77.15,2756,1,1,81.92,High Risk
United States,California,Escondido,92026,"33.21846, -117.116916",33.21846,-117.116916,Male,No,No,No,69,No,No phone service,DSL,Yes,Yes,No,Yes,Yes,Yes,Two year,Yes,Bank transfer (automatic),60.05,4176.7,5388,0,0,2.83,Low Risk
United States,California,Hyampom,96046,"40.648024, -123.465088",40.648024,-123.465088,Male,Yes,Yes,No,63,No,No phone service,DSL,Yes,No,No,Yes,No,No,One year,No,Bank transfer (automatic),36.1,2298.9,5089,0,0,2.12,Low Risk
United States,California,Santa Clarita,91350,"34.502432, -118.41459",34.502432,-118.41459,Male,Yes,No,No,51,Yes,Yes,No,No internet service,No internet service,No internet service,No internet service,No internet service,No internet service,One year,No,Bank transfer (automatic),25.0,1260.7,5896,0,0,8.41,Low Risk
United States,California,Stonyford,95979,"39.288127, -122.415841",39.288127,-122.415841,Male,No,Yes,No,64,Yes,No,Fiber optic,Yes,No,No,No,No,No,Month-to-month,Yes,Mailed check,73.55,4764.0,5018,0,0,28.75,Low Risk
United States,California,Anza,92539,"33.527605, -116.666551",33.527605,-116.666551,Female,No,Yes,Yes,52,Yes,No,Fiber optic,Yes,No,Yes,Yes,No,No,Month-to-month,Yes,Bank transfer (automatic),84.05,4326.8,6099,0,0,4.84,Low Risk
United States,California,San Jose,95122,"37.32886, -121.834567",37.32886,-121.834567,Male,No,Yes,No,70,No,No phone service,DSL,Yes,No,Yes,Yes,Yes,Yes,Two year,No,Bank transfer (automatic),59.5,4144.8,4031,0,0,6.5,Low Risk
United States,California,Santa Maria,93455,"34.818227, -120.418784",34.818227,-120.418784,Male,No,Yes,Yes,9,Yes,No,DSL,No,Yes,No,Yes,No,No,Month-to-month,No,Mailed check,54.8,452.8,2848,0,0,3.27,Low Risk
United States,California,Westlake Village,91361,"34.130992, -118.894673",34.130992,-118.894673,Female,No,No,No,3,Yes,No,Fiber optic,No,Yes,No,No,Yes,No,Month-to-month,No,Electronic check,83.75,247.25,4852,1,1,56.03,Medium Risk
United States,California,Fillmore,93015,"34.408161, -118.865111",34.408161,-118.865111,Male,No,Yes,No,70,Yes,Yes,DSL,Yes,No,Yes,Yes,No,Yes,Two year,Yes,Credit card (automatic),74.8,5315.8,6447,0,0,1.92,Low Risk
United States,California,Riverside,92509,"34.004379, -117.447864",34.004379,-117.447864,Male,No,No,No,21,Yes,Yes,Fiber optic,No,No,No,No,No,Yes,Month-to-month,Yes,Electronic check,84.1,1737.45,4649,0,1,86.25,High Risk
United States,California,Rancho Cordova,95742,"38.591134, -121.161585",38.591134,-121.161585,Female,Yes,No,No,5,Yes,No,Fiber optic,No,No,Yes,No,No,No,Month-to-month,Yes,Credit card (automatic),75.55,349.65,4028,1,1,85.57,High Risk
United States,California,Cazadero,95421,"38.578807, -123.19338",38.578807,-123.19338,Male,No,No,No,20,Yes,No,Fiber optic,Yes,Yes,Yes,Yes,Yes,Yes,Month-to-month,Yes,Bank transfer (automatic),108.2,2203.7,2102,0,1,60.4,Medium Risk
United States,California,San Diego,92114,"32.707892, -117.05512",32.707892,-117.05512,Female,Yes,Yes,No,72,Yes,Yes,Fiber optic,Yes,No,Yes,Yes,Yes,Yes,Two year,Yes,Mailed check,109.75,8075.35,6010,0,0,23.58,Low Risk
United States,California,Pasadena,91101,"34.146635, -118.139225",34.146635,-118.139225,Male,No,Yes,Yes,72,Yes,No,No,No internet service,No internet service,No internet service,No internet service,No internet service,No internet service,Two year,No,Bank transfer (automatic),20.3,1401.15,5265,0,0,0.09,Low Risk
United States,California,Garberville,95542,"40.057784, -123.679461",40.057784,-123.679461,Female,Yes,No,No,2,Yes,No,Fiber optic,No,No,No,No,No,No,Month-to-month,Yes,Electronic check,70.65,142.35,2189,1,1,72.17,High Risk
United States,California,Landers,92285,"34.341737, -116.539416",34.341737,-116.539416,Female,No,Yes,Yes,23,Yes,No,Fiber optic,No,No,Yes,No,No,No,Month-to-month,Yes,Credit card (automatic),75.3,1702.9,5903,0,0,46.95,Medium Risk
United States,California,Fallbrook,92028,"33.362575, -117.299644",33.362575,-117.299644,Female,No,No,No,4,Yes,No,No,No internet service,No internet service,No internet service,No internet service,No internet service,No internet service,Month-to-month,No,Bank transfer (automatic),20.95,85.5,5822,1,0,17.38,Low Risk
United States,California,Newport Beach,92661,"33.601309, -117.902304",33.601309,-117.902304,Male,No,No,No,32,Yes,Yes,Fiber optic,No,Yes,No,No,No,No,Month-to-month,Yes,Bank transfer (automatic),80.35,2596.15,5974,1,0,40.86,Medium Risk
United States,California,Manteca,95337,"37.750822, -121.238423",37.750822,-121.238423,Female,No,No,No,36,Yes,Yes,DSL,Yes,No,Yes,Yes,Yes,Yes,One year,Yes,Credit card (automatic),89.65,3348.1,4844,0,0,7.62,Low Risk
United States,California,San Diego,92120,"32.807867, -117.060993",32.807867,-117.060993,Male,No,No,No,24,Yes,No,DSL,No,Yes,No,No,No,No,Month-to-month,Yes,Mailed check,49.7,1218.25,2911,0,1,55.65,Medium Risk
United States,California,Los Angeles,90047,"33.958149, -118.308441",33.958149,-118.308441,Male,No,No,No,6,Yes,No,DSL,No,No,No,Yes,No,No,Month-to-month,Yes,Credit card (automatic),49.5,312.7,5552,0,0,44.0,Medium Risk
United States,California,Anaheim,92807,"33.848733, -117.788357",33.848733,-117.788357,Male,No,Yes,No,23,Yes,Yes,DSL,No,Yes,No,Yes,No,No,Two year,No,Mailed check,59.7,1414.2,3464,0,0,6.97,Low Risk
United States,California,Pacific Palisades,90272,"34.079449, -118.548306",34.079449,-118.548306,Female,No,Yes,No,48,Yes,No,No,No internet service,No internet service,No internet service,No internet service,No internet service,No internet service,Two year,No,Bank transfer (automatic),20.65,1057.0,4124,0,0,2.31,Low Risk
United States,California,Norwalk,90650,"33.905963, -118.08263",33.905963,-118.08263,Female,No,No,No,28,Yes,Yes,DSL,No,No,No,Yes,No,No,Month-to-month,Yes,Credit card (automatic),54.9,1505.15,2885,0,0,24.87,Low Risk
United States,California,Onyx,93255,"35.676978, -118.101378",35.676978,-118.101378,Male,Yes,No,No,52,No,No phone service,DSL,No,Yes,No,No,Yes,Yes,Month-to-month,Yes,Electronic check,49.15,2550.9,5597,1,1,58.09,Medium Risk
United States,California,Anaheim,92806,"33.83796, -117.870494",33.83796,-117.870494,Female,No,No,No,3,Yes,Yes,Fiber optic,No,No,No,No,No,No,Month-to-month,Yes,Electronic check,74.95,212.4,3641,0,1,71.25,High Risk
United States,California,Hemet,92543,"33.739415, -116.968339",33.739415,-116.968339,Female,No,No,No,2,Yes,No,Fiber optic,No,No,No,No,No,Yes,Month-to-month,No,Electronic check,80.55,184.1,2856,1,1,77.87,High Risk
United States,California,Santa Maria,93454,"34.943523, -120.256729",34.943523,-120.256729,Male,No,No,No,4,Yes,No,No,No internet service,No internet service,No internet service,No internet service,No internet service,No internet service,One year,No,Mailed check,19.95,68.2,2195,0,0,4.99,Low Risk
United States,California,Los Angeles,90039,"34.110845, -118.259595",34.110845,-118.259595,Male,No,No,Yes,5,Yes,No,Fiber optic,No,No,No,No,No,No,Month-to-month,Yes,Electronic check,69.7,316.9,2454,1,0,47.16,Medium Risk
United States,California,Hermosa Beach,90254,"33.86532, -118.396336",33.86532,-118.396336,Female,Yes,No,No,1,Yes,No,Fiber optic,No,No,No,No,No,No,Month-to-month,Yes,Electronic check,69.6,69.6,3438,1,1,84.17,High Risk
United States,California,San Ramon,94583,"37.766556, -121.976784",37.766556,-121.976784,Male,No,Yes,Yes,66,Yes,No,No,No internet service,No internet service,No internet service,No internet service,No internet service,No internet service,Two year,Yes,Mailed check,19.75,1344.5,4485,0,0,0.19,Low Risk
United States,California,Escondido,92027,"33.141265, -116.967221",33.141265,-116.967221,Female,No,Yes,No,52,Yes,Yes,Fiber optic,No,Yes,No,Yes,Yes,Yes,Month-to-month,Yes,Credit card (automatic),102.7,5138.1,4044,0,1,50.97,Medium Risk
United States,California,Pescadero,94060,"37.22565, -122.297533",37.22565,-122.297533,Female,No,No,No,1,No,No phone service,DSL,No,No,No,No,No,No,Month-to-month,No,Electronic check,24.6,24.6,5768,1,1,70.04,High Risk
United States,California,Oceanside,92054,"33.351059, -117.420557",33.351059,-117.420557,Male,No,No,No,35,Yes,No,Fiber optic,Yes,No,No,Yes,No,Yes,One year,Yes,Electronic check,89.2,3251.3,4446,0,0,33.24,Low Risk
United States,California,El Dorado Hills,95762,"38.684437, -121.055634",38.684437,-121.055634,Male,No,Yes,No,3,Yes,No,DSL,No,No,Yes,Yes,No,No,Month-to-month,Yes,Mailed check,55.8,154.55,2662,0,0,38.62,Low Risk
United States,California,Moorpark,93021,"34.312945, -118.858169",34.312945,-118.858169,Female,Yes,No,No,66,Yes,Yes,Fiber optic,No,No,Yes,Yes,Yes,Yes,One year,Yes,Credit card (automatic),102.85,6976.75,5569,0,0,36.06,Low Risk
United States,California,Mount Laguna,91948,"32.830852, -116.444601",32.830852,-116.444601,Female,No,No,No,59,Yes,Yes,DSL,Yes,No,No,Yes,No,Yes,One year,No,Bank transfer (automatic),68.7,4070.95,4244,0,0,7.41,Low Risk
United States,California,Huntington Beach,92649,"33.721917, -118.043237",33.721917,-118.043237,Male,No,Yes,Yes,52,Yes,Yes,No,No internet service,No internet service,No internet service,No internet service,No internet service,No internet service,Two year,No,Mailed check,25.75,1345.85,4676,0,0,0.66,Low Risk
United States,California,Long Beach,90807,"33.830099, -118.182239",33.830099,-118.182239,Female,No,No,No,8,Yes,Yes,Fiber optic,No,No,No,No,No,No,Month-to-month,Yes,Electronic check,73.5,632.2,5777,0,1,96.39,High Risk
United States,California,Mountain Ranch,95246,"38.264262, -120.515133",38.264262,-120.515133,Female,No,No,No,5,Yes,Yes,DSL,Yes,No,No,No,No,No,Month-to-month,Yes,Electronic check,53.8,283.95,2182,0,1,71.3,High Risk
United States,California,San Juan Bautista,95045,"36.810568, -121.503022",36.810568,-121.503022,Male,No,No,No,4,No,No phone service,DSL,No,No,No,No,Yes,Yes,Month-to-month,Yes,Electronic check,44.55,174.3,5605,1,1,79.03,High Risk
United States,California,Rescue,95672,"38.724322, -120.991237",38.724322,-120.991237,Male,No,Yes,Yes,50,Yes,Yes,DSL,Yes,No,No,Yes,Yes,No,Two year,Yes,Credit card (automatic),70.5,3486.65,4022,0,0,3.88,Low Risk
United States,California,San Diego,92120,"32.807867, -117.060993",32.807867,-117.060993,Male,No,Yes,Yes,62,Yes,No,Fiber optic,Yes,Yes,Yes,Yes,Yes,Yes,Two year,No,Mailed check,108.15,6825.65,5298,0,0,3.24,Low Risk
United States,California,Sunnyvale,94086,"37.378541, -122.020456",37.378541,-122.020456,Female,No,No,No,61,Yes,No,No,No internet service,No internet service,No internet service,No internet service,No internet service,No internet service,One year,No,Bank transfer (automatic),19.45,1336.35,4559,0,0,1.24,Low Risk
United States,California,Sun City,92585,"33.739412, -117.173334",33.739412,-117.173334,Male,No,Yes,Yes,55,Yes,Yes,Fiber optic,No,No,No,No,No,Yes,Month-to-month,No,Bank transfer (automatic),85.5,4713.4,6411,0,0,9.92,Low Risk
United States,California,Weaverville,96093,"40.759401, -122.939337",40.759401,-122.939337,Male,No,No,No,5,Yes,No,No,No internet service,No internet service,No internet service,No internet service,No internet service,No internet service,Month-to-month,No,Credit card (automatic),20.05,95.55,2483,0,0,45.85,Medium Risk
United States,California,Napa,94559,"38.232389, -122.324944",38.232389,-122.324944,Female,No,Yes,No,35,Yes,No,DSL,Yes,No,No,Yes,No,No,One year,Yes,Bank transfer (automatic),54.95,1916.0,4858,0,0,3.81,Low Risk
United States,California,Los Angeles,90007,"34.027337, -118.28515",34.027337,-118.28515,Male,No,No,Yes,22,Yes,Yes,Fiber optic,No,Yes,No,No,Yes,No,Month-to-month,Yes,Credit card (automatic),89.1,1949.4,4459,0,1,52.08,Medium Risk
United States,California,Vallecito,95251,"38.055562, -120.456298",38.055562,-120.456298,Male,No,No,No,57,No,No phone service,DSL,No,No,Yes,Yes,Yes,Yes,Two year,No,Credit card (automatic),53.35,3090.05,5461,0,0,43.18,Medium Risk
United States,California,Newport Beach,92661,"33.601309, -117.902304",33.601309,-117.902304,Male,Yes,Yes,No,57,Yes,Yes,Fiber optic,No,Yes,Yes,No,No,Yes,Month-to-month,Yes,Bank transfer (automatic),95.25,5427.05,6259,1,0,33.93,Low Risk
United States,California,Ripon,95366,"37.750778, -121.13238",37.750778,-121.13238,Female,No,Yes,No,64,Yes,No,No,No internet service,No internet service,No internet service,No internet service,No internet service,No internet service,Two year,No,Credit card (automatic),19.45,1225.65,5113,0,0,0.56,Low Risk
United States,California,Goodyears Bar,95944,"39.564113, -120.868836",39.564113,-120.868836,Female,No,No,No,26,Yes,No,Fiber optic,Yes,No,Yes,Yes,No,Yes,One year,Yes,Bank transfer (automatic),95.85,2475.35,3834,0,0,17.06,Low Risk
United States,California,Gustine,95322,"37.147198, -121.120161",37.147198,-121.120161,Female,Yes,Yes,No,39,Yes,No,Fiber optic,Yes,Yes,No,No,Yes,Yes,One year,No,Mailed check,99.1,3877.95,4599,0,0,41.91,Medium Risk
United States,California,Campo Seco,95226,"38.233879, -120.861666",38.233879,-120.861666,Female,No,Yes,No,19,Yes,No,DSL,No,Yes,No,No,No,Yes,Month-to-month,Yes,Mailed check,59.8,1130.85,3652,0,1,65.92,Medium Risk
United States,California,Valley Village,91607,"34.165783, -118.399795",34.165783,-118.399795,Male,No,Yes,No,31,Yes,Yes,Fiber optic,No,Yes,Yes,No,Yes,No,Month-to-month,No,Electronic check,93.8,3019.5,4115,1,0,45.94,Medium Risk
United States,California,Raymond,93653,"37.252057, -119.95783",37.252057,-119.95783,Female,No,Yes,Yes,6,Yes,No,No,No internet service,No internet service,No internet service,No internet service,No internet service,No internet service,Month-to-month,No,Mailed check,19.85,119.3,5060,0,0,5.84,Low Risk
United States,California,San Jose,95120,"37.186141, -121.843554",37.186141,-121.843554,Male,No,No,No,52,Yes,Yes,Fiber optic,No,No,Yes,No,No,Yes,Two year,Yes,Credit card (automatic),89.45,4577.75,5386,0,0,46.63,Medium Risk
United States,California,San Diego,92109,"32.787836, -117.232376",32.787836,-117.232376,Male,No,Yes,Yes,53,Yes,Yes,DSL,Yes,No,Yes,Yes,Yes,Yes,Month-to-month,No,Electronic check,85.7,4616.1,5957,0,0,7.5,Low Risk
United States,California,San Diego,92115,"32.762506, -117.07245",32.762506,-117.07245,Female,Yes,No,No,56,Yes,Yes,Fiber optic,No,Yes,Yes,Yes,Yes,Yes,One year,Yes,Electronic check,111.95,6418.9,4060,1,0,42.98,Medium Risk
United States,California,Shaver Lake,93664,"37.223, -119.001021",37.223,-119.001021,Male,No,Yes,Yes,56,Yes,Yes,DSL,Yes,Yes,No,Yes,No,Yes,Two year,Yes,Credit card (automatic),75.85,4261.2,5314,0,0,2.69,Low Risk
United States,California,Pomona,91768,"34.067932, -117.785168",34.067932,-117.785168,Male,No,Yes,No,49,Yes,Yes,Fiber optic,No,No,Yes,No,Yes,Yes,Month-to-month,Yes,Electronic check,99.8,4872.45,6088,1,1,85.98,High Risk
United States,California,Rancho Santa Fe,92067,"33.012751, -117.200617",33.012751,-117.200617,Male,No,No,Yes,39,Yes,Yes,No,No internet service,No internet service,No internet service,No internet service,No internet service,No internet service,Two year,No,Mailed check,25.0,1004.35,4295,0,0,0.43,Low Risk
United States,California,Snelling,95369,"37.521708, -120.426843",37.521708,-120.426843,Female,No,Yes,No,61,Yes,Yes,Fiber optic,No,Yes,No,No,Yes,Yes,Month-to-month,Yes,Electronic check,99.15,6010.05,5612,1,1,73.28,High Risk
United States,California,Gazelle,96034,"41.411315, -122.697236",41.411315,-122.697236,Female,No,Yes,No,43,No,No phone service,DSL,Yes,No,No,Yes,No,No,Month-to-month,No,Bank transfer (automatic),34.0,1505.35,5409,0,0,17.64,Low Risk
United States,California,Temecula,92592,"33.507255, -117.029473",33.507255,-117.029473,Female,No,No,No,5,Yes,No,No,No internet service,No internet service,No internet service,No internet service,No internet service,No internet service,One year,No,Electronic check,19.55,99.6,2575,0,0,46.18,Medium Risk
United States,California,Potter Valley,95469,"39.408634, -123.045516",39.408634,-123.045516,Female,No,No,No,11,Yes,No,No,No internet service,No internet service,No internet service,No internet service,No internet service,No internet service,Month-to-month,No,Bank transfer (automatic),20.3,246.3,4188,0,0,22.85,Low Risk
United States,California,Salinas,93906,"36.722898, -121.633648",36.722898,-121.633648,Male,No,No,No,2,Yes,Yes,No,No internet service,No internet service,No internet service,No internet service,No internet service,No internet service,Month-to-month,No,Mailed check,24.85,62.0,5983,0,0,37.46,Low Risk
United States,California,Maricopa,93252,"34.737031, -119.460557",34.737031,-119.460557,Female,No,No,No,13,Yes,Yes,Fiber optic,Yes,Yes,No,No,Yes,No,Month-to-month,Yes,Electronic check,96.65,1244.5,2110,1,1,91.13,High Risk
United States,California,Stockton,95205,"37.965695, -121.260051",37.965695,-121.260051,Male,No,Yes,Yes,72,Yes,Yes,DSL,Yes,Yes,Yes,Yes,No,Yes,Two year,No,Credit card (automatic),81.0,5750.0,4237,0,0,0.2,Low Risk
United States,California,Igo,96047,"40.524535, -122.647172",40.524535,-122.647172,Female,Yes,No,No,46,Yes,Yes,DSL,No,No,Yes,Yes,No,Yes,One year,Yes,Credit card (automatic),69.1,3255.35,3856,0,0,25.34,Low Risk
United States,California,Los Banos,93635,"36.995162, -120.955099",36.995162,-120.955099,Male,No,Yes,No,71,Yes,Yes,Fiber optic,Yes,No,Yes,Yes,Yes,Yes,Two year,Yes,Credit card (automatic),108.55,7616.0,4111,0,0,4.84,Low Risk
United States,California,Tranquillity,93668,"36.635661, -120.288644",36.635661,-120.288644,Female,No,No,No,36,Yes,No,Fiber optic,No,No,Yes,Yes,No,Yes,Month-to-month,Yes,Electronic check,87.55,3078.1,2558,1,1,75.28,High Risk
United States,California,Fort Bidwell,96112,"41.932207, -120.135941",41.932207,-120.135941,Male,No,Yes,No,64,Yes,Yes,Fiber optic,Yes,No,Yes,Yes,Yes,Yes,One year,Yes,Mailed check,108.5,6880.85,4576,0,0,49.7,Medium Risk
United States,California,Anaheim,92806,"33.83796, -117.870494",33.83796,-117.870494,Female,No,No,No,1,Yes,No,Fiber optic,Yes,No,No,No,No,No,Month-to-month,No,Mailed check,75.3,75.3,3244,1,0,38.7,Low Risk
United States,California,Sloughhouse,95683,"38.470423, -121.114897",38.470423,-121.114897,Female,No,Yes,No,15,Yes,No,Fiber optic,No,No,Yes,No,Yes,No,Month-to-month,Yes,Electronic check,84.3,1308.4,4003,1,1,88.09,High Risk
United States,California,Sacramento,95830,"38.490508, -121.284171",38.490508,-121.284171,Male,No,Yes,No,36,Yes,No,No,No internet service,No internet service,No internet service,No internet service,No internet service,No internet service,One year,No,Mailed check,20.0,666.75,4175,0,0,5.4,Low Risk
United States,California,Rio Oso,95674,"38.954144, -121.482536",38.954144,-121.482536,Female,No,Yes,Yes,6,No,No phone service,DSL,No,Yes,Yes,Yes,No,No,Two year,No,Mailed check,40.55,217.5,2866,0,0,16.26,Low Risk
United States,California,Bella Vista,96008,"40.722733, -122.109666",40.722733,-122.109666,Male,No,Yes,No,30,Yes,No,DSL,No,No,Yes,No,No,No,Month-to-month,Yes,Mailed check,50.0,1474.9,4715,0,0,42.47,Medium Risk
United States,California,Hawthorne,90250,"33.914775, -118.348083",33.914775,-118.348083,Male,No,No,No,1,Yes,Yes,DSL,No,No,No,No,Yes,No,Month-to-month,Yes,Electronic check,59.85,59.85,4017,1,1,73.04,High Risk
United States,California,Newberry Springs,92365,"34.89326, -116.505958",34.89326,-116.505958,Male,No,No,No,13,Yes,No,Fiber optic,No,No,No,No,No,Yes,Month-to-month,Yes,Electronic check,80.85,1008.7,5964,1,1,82.69,High Risk
United States,California,Soledad,93960,"36.414216, -121.360597",36.414216,-121.360597,Male,No,Yes,Yes,61,Yes,No,No,No internet service,No internet service,No internet service,No internet service,No internet service,No internet service,One year,No,Mailed check,20.4,1226.45,5897,0,0,0.27,Low Risk
United States,California,Lake Isabella,93240,"35.607875, -118.466318",35.607875,-118.466318,Male,No,Yes,Yes,72,Yes,Yes,Fiber optic,Yes,Yes,No,Yes,Yes,Yes,Two year,Yes,Credit card (automatic),107.7,7919.8,4351,0,0,1.36,Low Risk
United States,California,San Jose,95123,"37.238758, -121.828375",37.238758,-121.828375,Female,No,Yes,Yes,67,Yes,Yes,DSL,Yes,Yes,No,Yes,Yes,No,Two year,No,Credit card (automatic),74.0,4868.4,4188,0,0,1.06,Low Risk
United States,California,San Francisco,94129,"37.797526, -122.464531",37.797526,-122.464531,Female,No,No,No,34,Yes,No,DSL,Yes,No,Yes,Yes,Yes,Yes,One year,Yes,Bank transfer (automatic),79.95,2727.3,3570,0,0,15.81,Low Risk
United States,California,Arcadia,91007,"34.128284, -118.047732",34.128284,-118.047732,Female,No,Yes,No,72,Yes,No,No,No internet service,No internet service,No internet service,No internet service,No internet service,No internet service,Two year,No,Credit card (automatic),20.5,1502.25,6302,0,0,0.53,Low Risk
United States,California,Long Beach,90815,"33.797638, -118.11662",33.797638,-118.11662,Male,No,Yes,No,46,Yes,No,DSL,Yes,Yes,Yes,Yes,No,No,Two year,No,Mailed check,65.65,3047.15,2680,0,0,2.83,Low Risk
United States,California,Los Angeles,90042,"34.11572, -118.192754",34.11572,-118.192754,Female,No,No,No,7,Yes,Yes,Fiber optic,No,No,No,No,No,No,Month-to-month,Yes,Bank transfer (automatic),75.1,552.95,5514,1,1,90.03,High Risk
United States,California,Pasadena,91107,"34.159007, -118.087353",34.159007,-118.087353,Female,Yes,No,Yes,7,Yes,No,Fiber optic,Yes,No,No,No,No,No,Month-to-month,No,Bank transfer (automatic),76.45,503.6,4419,1,0,40.51,Medium Risk
United States,California,Bakersfield,93305,"35.391733, -118.984109",35.391733,-118.984109,Male,No,Yes,No,72,Yes,Yes,DSL,Yes,Yes,Yes,Yes,No,No,Two year,Yes,Bank transfer (automatic),67.8,4804.65,5242,0,0,0.64,Low Risk
United States,California,Danville,94526,"37.815459, -121.977203",37.815459,-121.977203,Female,No,Yes,Yes,32,Yes,No,Fiber optic,No,Yes,No,No,Yes,No,Month-to-month,Yes,Electronic check,86.1,2723.75,4970,0,0,34.03,Low Risk
United States,California,San Jose,95118,"37.255479, -121.889838",37.255479,-121.889838,Male,No,No,No,39,Yes,Yes,DSL,No,No,No,Yes,No,No,Two year,Yes,Credit card (automatic),53.85,2200.7,2380,0,0,12.59,Low Risk
United States,California,Hornbrook,96044,"41.962127, -122.527696",41.962127,-122.527696,Male,No,Yes,Yes,47,Yes,No,Fiber optic,Yes,Yes,Yes,No,No,Yes,One year,Yes,Electronic check,96.1,4391.45,5793,0,0,4.34,Low Risk
United States,California,Castaic,91384,"34.506627, -118.699048",34.506627,-118.699048,Female,Yes,Yes,No,50,Yes,Yes,Fiber optic,No,Yes,Yes,No,Yes,No,Month-to-month,Yes,Electronic check,95.05,4888.7,5863,1,1,69.58,Medium Risk
United States,California,Tustin,92780,"33.735802, -117.818805",33.735802,-117.818805,Male,No,Yes,No,58,Yes,No,No,No internet service,No internet service,No internet service,No internet service,No internet service,No internet service,One year,Yes,Electronic check,19.55,1108.8,4801,0,0,8.28,Low Risk
United States,California,Forest Ranch,95942,"40.077028, -121.494168",40.077028,-121.494168,Female,No,No,No,41,Yes,Yes,Fiber optic,Yes,No,No,No,No,No,Month-to-month,Yes,Credit card (automatic),81.3,3190.65,2299,0,0,44.62,Medium Risk
United States,California,Palo Alto,94306,"37.416159, -122.131337",37.416159,-122.131337,Female,Yes,Yes,No,4,Yes,Yes,Fiber optic,No,No,No,No,Yes,No,Month-to-month,Yes,Electronic check,83.25,308.05,5251,0,1,92.73,High Risk
United States,California,San Jose,95129,"37.305622, -122.000887",37.305622,-122.000887,Female,No,Yes,Yes,32,Yes,No,DSL,Yes,Yes,No,Yes,No,No,Month-to-month,No,Bank transfer (automatic),61.4,1864.65,2649,0,0,6.47,Low Risk
United States,California,Oakland,94618,"37.84551, -122.235181",37.84551,-122.235181,Male,No,No,No,1,Yes,No,No,No internet service,No internet service,No internet service,No internet service,No internet service,No internet service,Month-to-month,No,Credit card (automatic),20.75,20.75,2791,0,0,33.29,Low Risk
United States,California,Los Angeles,90077,"34.102084, -118.451629",34.102084,-118.451629,Male,No,No,No,19,Yes,No,No,No internet service,No internet service,No internet service,No internet service,No internet service,No internet service,Two year,No,Mailed check,19.65,358.15,5596,0,0,3.71,Low Risk
United States,California,Kelseyville,95451,"38.93496, -122.792243",38.93496,-122.792243,Female,Yes,Yes,No,62,Yes,Yes,Fiber optic,Yes,No,Yes,No,Yes,Yes,One year,Yes,Electronic check,104.85,6312.9,5061,0,0,29.89,Low Risk
United States,California,Occidental,95465,"38.415003, -122.998726",38.415003,-122.998726,Female,No,No,No,1,Yes,No,DSL,No,No,Yes,Yes,Yes,Yes,One year,No,Credit card (automatic),74.1,74.1,2900,0,0,29.94,Low Risk
United States,California,Norco,92860,"33.925833, -117.559639",33.925833,-117.559639,Female,No,No,No,12,Yes,Yes,DSL,Yes,No,Yes,Yes,No,No,Month-to-month,Yes,Mailed check,61.65,713.75,5670,1,0,41.95,Medium Risk
United States,California,Wrightwood,92397,"34.358321, -117.618263",34.358321,-117.618263,Female,No,Yes,No,48,No,No phone service,DSL,Yes,No,Yes,No,No,Yes,Month-to-month,Yes,Bank transfer (automatic),45.3,2145.0,4926,1,1,56.33,Medium Risk
United States,California,El Segundo,90245,"33.917145, -118.401554",33.917145,-118.401554,Female,No,No,Yes,3,Yes,No,DSL,Yes,No,No,Yes,No,Yes,Month-to-month,Yes,Bank transfer (automatic),64.5,177.4,5613,0,0,12.52,Low Risk
United States,California,Death Valley,92328,"36.27688, -117.033326",36.27688,-117.033326,Female,No,Yes,No,40,Yes,Yes,Fiber optic,No,No,No,Yes,No,No,Month-to-month,Yes,Credit card (automatic),78.85,3126.85,5257,0,1,50.42,Medium Risk
United States,California,Santa Barbara,93111,"34.460197, -119.802602",34.460197,-119.802602,Male,No,No,No,19,No,No phone service,DSL,No,No,No,No,No,No,Month-to-month,Yes,Bank transfer (automatic),25.15,468.35,3784,0,1,65.04,Medium Risk
United States,California,Bakersfield,93312,"35.392599, -119.245341",35.392599,-119.245341,Female,No,No,No,1,Yes,No,Fiber optic,No,No,No,No,No,No,Month-to-month,Yes,Electronic check,70.25,70.25,4133,1,1,68.2,Medium Risk
United States,California,Leggett,95585,"39.873371, -123.741474",39.873371,-123.741474,Female,No,Yes,Yes,67,Yes,Yes,No,No internet service,No internet service,No internet service,No internet service,No internet service,No internet service,Two year,Yes,Mailed check,24.9,1680.25,5847,0,0,0.2,Low Risk
United States,California,Lotus,95651,"38.815515, -120.916997",38.815515,-120.916997,Female,No,Yes,Yes,16,Yes,No,Fiber optic,Yes,No,Yes,No,Yes,Yes,Month-to-month,No,Bank transfer (automatic),100.7,1522.7,3337,0,1,67.2,Medium Risk
United States,California,Biggs,95917,"39.457388, -121.818201",39.457388,-121.818201,Female,No,No,No,1,Yes,No,No,No internet service,No internet service,No internet service,No internet service,No internet service,No internet service,Month-to-month,Yes,Mailed check,19.55,19.55,5607,0,0,25.83,Low Risk
United States,California,Pasadena,91105,"34.13946, -118.166649",34.13946,-118.166649,Female,No,No,Yes,21,No,No phone service,DSL,Yes,Yes,Yes,Yes,Yes,No,Two year,No,Mailed check,53.15,1183.2,3461,0,0,4.37,Low Risk
United States,California,Long Beach,90803,"33.760458, -118.129725",33.760458,-118.129725,Female,Yes,Yes,Yes,29,No,No phone service,DSL,No,Yes,Yes,No,No,No,Month-to-month,Yes,Mailed check,35.65,1025.15,4107,0,0,16.81,Low Risk
United States,California,Moreno Valley,92553,"33.923149, -117.244933",33.923149,-117.244933,Male,Yes,Yes,No,20,Yes,No,Fiber optic,Yes,No,Yes,Yes,No,Yes,One year,No,Credit card (automatic),94.3,1818.3,2574,0,0,20.77,Low Risk
United States,California,Carnelian Bay,96140,"39.227434, -120.091806",39.227434,-120.091806,Female,No,Yes,No,13,Yes,Yes,Fiber optic,No,Yes,Yes,No,Yes,No,Month-to-month,No,Electronic check,94.1,1215.6,2973,1,1,72.39,High Risk
United States,California,Ventura,93001,"34.360261, -119.306383",34.360261,-119.306383,Male,No,Yes,No,9,No,No phone service,DSL,No,Yes,No,No,No,No,Month-to-month,Yes,Electronic check,29.95,248.95,2573,1,1,84.8,High Risk
United States,California,Huntington Beach,92648,"33.679659, -118.016195",33.679659,-118.016195,Male,No,Yes,No,51,Yes,No,DSL,Yes,Yes,Yes,Yes,Yes,Yes,Two year,Yes,Credit card (automatic),83.25,4089.45,5340,0,0,13.57,Low Risk
United States,California,Oak Park,91377,"34.19225, -118.776874",34.19225,-118.776874,Male,No,Yes,Yes,60,Yes,No,DSL,Yes,Yes,No,Yes,Yes,Yes,Month-to-month,Yes,Credit card (automatic),79.05,4663.4,5275,0,0,1.23,Low Risk
United States,California,Desert Hot Springs,92241,"33.832799, -116.250973",33.832799,-116.250973,Female,Yes,No,No,20,Yes,Yes,Fiber optic,Yes,No,No,No,No,No,Month-to-month,Yes,Electronic check,79.15,1520.9,4997,1,1,72.21,High Risk
United States,California,Anaheim,92805,"33.830209, -117.906099",33.830209,-117.906099,Male,No,No,No,9,No,No phone service,DSL,No,No,No,No,Yes,No,Month-to-month,Yes,Credit card (automatic),34.7,296.1,5352,1,0,42.08,Medium Risk
United States,California,Los Angeles,90063,"34.044271, -118.185237",34.044271,-118.185237,Female,Yes,Yes,Yes,8,Yes,Yes,Fiber optic,No,Yes,No,No,No,No,Month-to-month,Yes,Credit card (automatic),80.65,633.3,5302,1,0,40.96,Medium Risk
United States,California,Penngrove,94951,"38.325599, -122.642352",38.325599,-122.642352,Male,No,Yes,No,63,Yes,Yes,DSL,No,No,Yes,Yes,Yes,Yes,Two year,No,Credit card (automatic),79.8,5034.05,4073,0,0,2.95,Low Risk
United States,California,Antioch,94509,"37.980057, -121.801599",37.980057,-121.801599,Female,No,Yes,Yes,10,Yes,No,DSL,No,Yes,Yes,No,No,Yes,One year,Yes,Mailed check,65.9,660.05,5289,0,0,14.88,Low Risk
United States,California,Sierraville,96126,"39.559709, -120.345639",39.559709,-120.345639,Female,No,No,No,3,Yes,No,DSL,No,No,Yes,No,Yes,Yes,One year,Yes,Electronic check,69.95,220.45,2754,0,1,64.96,Medium Risk
United States,California,Salinas,93905,"36.667794, -121.601306",36.667794,-121.601306,Male,No,Yes,Yes,44,Yes,No,No,No internet service,No internet service,No internet service,No internet service,No internet service,No internet service,One year,No,Bank transfer (automatic),20.6,926.0,2471,0,0,0.49,Low Risk
United States,California,Monrovia,91016,"34.1528, -118.000482",34.1528,-118.000482,Male,No,Yes,Yes,8,Yes,No,DSL,Yes,No,No,No,No,No,Month-to-month,Yes,Credit card (automatic),51.3,411.6,2545,0,0,27.96,Low Risk
United States,California,Arbuckle,95912,"38.982373, -122.047751",38.982373,-122.047751,Male,No,Yes,No,61,Yes,Yes,Fiber optic,Yes,Yes,No,No,Yes,Yes,One year,Yes,Electronic check,106.0,6547.7,4334,1,0,38.27,Low Risk
United States,California,Corte Madera,94925,"37.924014, -122.511694",37.924014,-122.511694,Female,No,Yes,Yes,43,Yes,Yes,Fiber optic,No,No,Yes,No,Yes,Yes,Month-to-month,Yes,Bank transfer (automatic),99.3,4209.95,3280,0,0,24.09,Low Risk
United States,California,Redlands,92374,"34.064073, -117.166158",34.064073,-117.166158,Male,No,Yes,No,43,Yes,No,DSL,No,No,No,No,Yes,No,One year,Yes,Mailed check,56.35,2391.15,4928,0,0,22.09,Low Risk
United States,California,Apple Valley,92307,"34.55082, -117.122396",34.55082,-117.122396,Female,No,No,No,5,Yes,Yes,DSL,No,No,No,No,No,No,Month-to-month,Yes,Mailed check,50.6,249.95,2353,1,1,82.93,High Risk
United States,California,Los Angeles,90004,"34.076259, -118.310715",34.076259,-118.310715,Male,No,Yes,Yes,29,Yes,Yes,DSL,Yes,No,No,Yes,Yes,No,One year,No,Bank transfer (automatic),69.05,1958.45,4459,0,0,13.21,Low Risk
United States,California,Point Arena,95468,"38.911299, -123.609588",38.911299,-123.609588,Male,Yes,Yes,No,54,Yes,Yes,Fiber optic,No,No,Yes,No,Yes,Yes,Month-to-month,Yes,Credit card (automatic),99.05,5295.7,4011,0,1,85.97,High Risk
United States,California,Mission Viejo,92691,"33.611945, -117.665867",33.611945,-117.665867,Male,No,Yes,No,50,Yes,Yes,Fiber optic,No,Yes,No,No,Yes,Yes,One year,Yes,Electronic check,98.25,4858.7,5154,0,1,56.58,Medium Risk
United States,California,Poway,92064,"32.984395, -117.013454",32.984395,-117.013454,Female,No,No,No,68,Yes,Yes,DSL,Yes,Yes,Yes,Yes,Yes,Yes,Two year,Yes,Electronic check,88.15,6148.45,5531,0,0,3.97,Low Risk
United States,California,Branscomb,95417,"39.710591, -123.682799",39.710591,-123.682799,Female,Yes,Yes,No,1,Yes,No,Fiber optic,No,No,No,No,No,No,Month-to-month,Yes,Electronic check,69.25,69.25,4568,1,1,89.2,High Risk
United States,California,Sacramento,95824,"38.517295, -121.439819",38.517295,-121.439819,Female,No,Yes,Yes,72,Yes,No,Fiber optic,Yes,Yes,Yes,Yes,Yes,Yes,Two year,Yes,Bank transfer (automatic),108.3,7679.65,4183,0,0,2.39,Low Risk
United States,California,El Dorado Hills,95762,"38.684437, -121.055634",38.684437,-121.055634,Female,No,No,No,55,Yes,Yes,Fiber optic,No,No,No,No,No,No,Month-to-month,Yes,Electronic check,73.1,4144.9,5832,0,0,36.5,Low Risk
United States,California,San Francisco,94118,"37.781304, -122.461522",37.781304,-122.461522,Male,No,No,No,3,Yes,No,Fiber optic,No,No,No,No,No,No,Month-to-month,Yes,Mailed check,70.3,220.4,4275,0,1,76.97,High Risk
United States,California,Lawndale,90260,"33.88856, -118.351813",33.88856,-118.351813,Male,No,No,No,1,Yes,No,No,No internet service,No internet service,No internet service,No internet service,No internet service,No internet service,Month-to-month,No,Mailed check,19.05,19.05,5279,0,0,40.2,Medium Risk
United States,California,Cypress,90630,"33.818477, -118.038307",33.818477,-118.038307,Female,No,Yes,Yes,7,Yes,No,No,No internet service,No internet service,No internet service,No internet service,No internet service,No internet service,Two year,No,Mailed check,19.85,144.15,3973,0,0,1.4,Low Risk
United States,California,Wheatland,95692,"39.043387, -121.409837",39.043387,-121.409837,Male,Yes,No,No,9,Yes,Yes,Fiber optic,No,No,No,No,No,Yes,Month-to-month,Yes,Credit card (automatic),84.4,732.5,5745,1,1,83.85,High Risk
United States,California,Sacramento,95829,"38.486502, -121.334051",38.486502,-121.334051,Male,No,No,No,37,No,No phone service,DSL,No,No,No,No,Yes,No,Two year,No,Credit card (automatic),35.8,1316.9,5658,0,0,20.79,Low Risk
United States,California,Long Beach,90806,"33.802664, -118.179971",33.802664,-118.179971,Male,No,Yes,No,62,Yes,No,DSL,Yes,Yes,Yes,Yes,Yes,Yes,Two year,No,Electronic check,86.1,5215.25,5769,0,0,6.22,Low Risk
United States,California,Rescue,95672,"38.724322, -120.991237",38.724322,-120.991237,Female,No,Yes,Yes,56,Yes,No,DSL,Yes,Yes,Yes,No,No,No,Two year,Yes,Credit card (automatic),61.3,3346.8,4173,0,0,1.69,Low Risk
United States,California,Desert Hot Springs,92240,"33.948558, -116.516976",33.948558,-116.516976,Female,No,Yes,Yes,27,Yes,Yes,No,No internet service,No internet service,No internet service,No internet service,No internet service,No internet service,Two year,No,Electronic check,24.5,761.95,2645,0,0,2.12,Low Risk
United States,California,La Crescenta,91214,"34.239636, -118.245259",34.239636,-118.245259,Female,No,Yes,Yes,49,Yes,No,DSL,Yes,Yes,Yes,Yes,Yes,Yes,One year,Yes,Mailed check,87.2,4345.0,4567,0,0,0.8,Low Risk
United States,California,San Jose,95139,"37.218705, -121.762429",37.218705,-121.762429,Male,No,Yes,Yes,28,Yes,No,No,No internet service,No internet service,No internet service,No internet service,No internet service,No internet service,Two year,Yes,Credit card (automatic),20.3,487.95,2948,0,0,1.97,Low Risk
United States,California,Newport Beach,92660,"33.634626, -117.874882",33.634626,-117.874882,Male,No,No,No,5,Yes,No,No,No internet service,No internet service,No internet service,No internet service,No internet service,No internet service,Month-to-month,No,Bank transfer (automatic),20.65,93.55,5597,0,0,16.76,Low Risk
United States,California,Sacramento,95822,"38.512569, -121.495184",38.512569,-121.495184,Female,No,No,No,56,Yes,No,No,No internet service,No internet service,No internet service,No internet service,No internet service,No internet service,Two year,No,Bank transfer (automatic),19.7,1051.9,4831,0,0,1.54,Low Risk
United States,California,Hanford,93230,"36.29223, -119.622676",36.29223,-119.622676,Female,No,Yes,Yes,72,Yes,Yes,DSL,Yes,Yes,Yes,Yes,No,No,Two year,Yes,Bank transfer (automatic),70.45,5165.7,4463,0,0,0.16,Low Risk
